league,match,kickoff,bet_name,grp,odds,ev,star,result,net,src,snap_age_h
德乙,Hertha Berlin vs 1. FC Heidenheim,2026-08-15T11:00:00+00:00,小2.50,大小球,2.2,0.1437,1,lose,-1.0,paper_settle恢复,51.3
德乙,Greuther Fürth vs 1. FC Nürnberg,2026-08-15T11:00:00+00:00,让球主(+0.2),让球,1.88,0.3518,2,lose,-1.0,paper_settle恢复,51.3
中超,Liaoning Tieren FC vs Shenzhen Peng City FC,2026-08-15T11:00:00+00:00,让球主(-0.5),让球,2.3,1.1271,2,lose,-1.0,scan,-0.8
英冠,Bolton Wanderers vs Preston North End,2026-08-15T11:30:00+00:00,让球主(-0.5),让球,2.24,0.3171,3,win,1.24,paper_settle恢复,0.2
英乙,Oldham Athletic vs Port Vale,2026-08-15T11:30:00+00:00,让球主(+0.0),让球,2.0,0.3038,2,win,1.0,paper_settle恢复,-1.8
中超,Yunnan Yukun vs Dalian Yingbo,2026-08-15T12:00:00+00:00,让球主(-0.5),让球,2.07,0.5411,2,win,1.07,scan,0.2
中超,Shanghai Shenhua FC vs Henan FC,2026-08-15T12:00:00+00:00,让球主(-0.5),让球,1.98,0.0752,1,win,0.98,scan,0.2
瑞超,Mjällby AIF vs IK Sirius,2026-08-15T13:00:00+00:00,小3.00,大小球,2.2,0.2364,3,lose,-1.0,paper_settle恢复,-0.3
英冠,Bristol City vs Millwall,2026-08-15T14:00:00+00:00,小2.50,大小球,1.94,0.2601,3,win,0.94,paper_settle恢复,2.7
英冠,Charlton Athletic vs Derby County,2026-08-15T14:00:00+00:00,小2.50,大小球,1.76,0.139,2,lose,-1.0,paper_settle恢复,2.7
英冠,Middlesbrough vs Lincoln City,2026-08-15T14:00:00+00:00,小2.50,大小球,2.12,0.3161,3,lose,-1.0,paper_settle恢复,2.7
英冠,Norwich City vs West Bromwich Albion,2026-08-15T14:00:00+00:00,让球主(-0.5),让球,2.02,0.1185,2,lose,-1.0,paper_settle恢复,2.7
英冠,Portsmouth vs Queens Park Rangers,2026-08-15T14:00:00+00:00,小2.50,大小球,1.78,0.2471,3,lose,-1.0,paper_settle恢复,2.7
英冠,Stoke City vs Swansea City,2026-08-15T14:00:00+00:00,小2.50,大小球,1.85,0.1315,2,lose,-1.0,paper_settle恢复,2.7
英乙,Accrington Stanley vs Colchester United,2026-08-15T14:00:00+00:00,小2.50,大小球,1.79,0.3184,3,lose,-1.0,paper_settle恢复,0.7
英乙,Barnet vs Salford City,2026-08-15T14:00:00+00:00,让球主(-0.5),让球,2.18,0.1201,2,win,1.18,paper_settle恢复,0.7
英乙,Crawley Town vs Crewe Alexandra,2026-08-15T14:00:00+00:00,小2.50,大小球,1.97,0.315,3,win,0.97,paper_settle恢复,0.7
英乙,Gillingham vs Walsall,2026-08-15T14:00:00+00:00,让球客(+0.2),让球,1.78,0.4008,2,win,0.78,paper_settle恢复,0.7
英乙,Tranmere Rovers vs Shrewsbury Town,2026-08-15T14:00:00+00:00,让球客(+0.2),让球,1.9,0.486,2,lose,-1.0,paper_settle恢复,0.7
荷甲,Willem II vs NEC Nijmegen,2026-08-15T14:30:00+00:00,小2.50,大小球,2.62,0.4458,2,lose,-1.0,paper_settle恢复,4.3
英冠,Sheffield United vs Birmingham City,2026-08-15T16:30:00+00:00,让球主(-0.5),让球,2.3,0.4639,2,lose,-1.0,paper_settle恢复,5.2
荷甲,FC Utrecht vs AZ Alkmaar,2026-08-15T16:45:00+00:00,小2.50,大小球,2.44,0.3264,3,lose,-1.0,paper_settle恢复,6.6
西乙,Cádiz CF vs Celta Vigo,2026-08-15T17:00:00+00:00,小2.50,大小球,2.0,0.2207,3,win,1.0,scan,6.8
西乙,Oviedo vs Granada CF,2026-08-15T17:00:00+00:00,让球主(-0.5),让球,2.06,0.2912,3,lose,-1.0,paper_settle恢复,6.8
阿甲,San Lorenzo vs Union Santa Fe,2026-08-15T17:30:00+00:00,大2.50,大小球,2.58,0.388,2,lose,-1.0,paper_settle恢复,4.2
荷甲,PSV vs Ajax,2026-08-15T18:00:00+00:00,大2.50,大小球,1.97,0.0876,1,VOID,0.0,scan,9.0
荷甲,Excelsior vs PSV Eindhoven,2026-08-15T18:00:00+00:00,小2.50,大小球,3.04,0.2699,3,lose,-1.0,paper_settle恢复,7.8
德乙,1. FC Kaiserslautern vs Karlsruher SC,2026-08-15T18:30:00+00:00,让球主(-0.5),让球,1.87,0.2157,2,lose,-1.0,paper_settle恢复,58.8
土超,Gazişehir Gaziantep vs Alanyaspor,2026-08-15T18:30:00+00:00,让球主(+0.0),让球,1.8,0.1429,2,push,0.0,paper_settle恢复,5.2
土超,Genclerbirligi SK vs Fenerbahce,2026-08-15T18:30:00+00:00,大2.50,大小球,1.89,0.174,1,win,0.89,paper_settle恢复,5.2
比甲,Genk vs Westerlo,2026-08-15T18:45:00+00:00,让球客(+1.2),让球,2.01,0.1733,2,half,0.505,paper_settle恢复,5.7
荷甲,Fortuna Sittard vs SC Cambuur,2026-08-15T19:00:00+00:00,让球客(+0.5),让球,2.23,0.5568,2,lose,-1.0,paper_settle恢复,8.8
西乙,Mallorca vs Real Valladolid CF,2026-08-15T19:30:00+00:00,小2.50,大小球,1.93,0.1808,2,win,0.93,paper_settle恢复,9.3
葡超,Rio Ave FC vs FC Porto,2026-08-15T19:30:00+00:00,让球主(+1.2),让球,2.04,0.2957,2,lose,-1.0,paper_settle恢复,6.4
巴甲,Atletico Paranaense vs Bragantino-SP,2026-08-15T21:30:00+00:00,小2.50,大小球,1.77,0.1945,2,win,0.77,paper_settle恢复,8.2
智利甲,Deportes Limache vs Universidad de Chile,2026-08-15T21:30:00+00:00,让球主(+0.5),让球,1.89,0.5086,2,lose,-1.0,paper_settle恢复,8.1
阿甲,Newells Old Boys vs Deportivo Riestra,2026-08-15T22:00:00+00:00,让球主(+0.0),让球,1.76,0.2725,2,win,0.76,paper_settle恢复,8.7
美职,CF Montreal vs D.C. United,2026-08-15T23:30:00+00:00,小2.50,大小球,2.28,0.4157,3,win,1.28,paper_settle恢复,10.2
美职,Charlotte FC vs Columbus Crew SC,2026-08-15T23:30:00+00:00,大2.50,大小球,1.78,0.4639,1,win,0.78,paper_settle恢复,10.2
美职,Orlando City SC vs FC Cincinnati,2026-08-15T23:30:00+00:00,让球主(-0.5),让球,2.25,0.449,2,lose,-1.0,paper_settle恢复,10.2
美职,Toronto FC vs New England Revolution,2026-08-15T23:30:00+00:00,大2.50,大小球,1.72,0.2188,3,win,0.72,paper_settle恢复,10.2
巴甲,Sao Paulo vs Coritiba,2026-08-16T00:00:00+00:00,大2.50,大小球,2.12,0.082,2,lose,-1.0,scan,10.7
阿甲,Platense vs Boca Juniors,2026-08-16T00:15:00+00:00,让球客(-0.5),让球,2.09,0.3705,2,lose,-1.0,scan,10.9
美职,Houston Dynamo vs LA Galaxy,2026-08-16T00:30:00+00:00,小2.50,大小球,2.42,0.2646,2,win,1.42,scan,11.2
美职,Nashville SC vs Inter Miami CF,2026-08-16T00:30:00+00:00,大2.50,大小球,1.46,0.2128,2,win,0.46,scan,11.2
墨超,Monterrey vs FC Juárez,2026-08-16T01:10:00+00:00,大2.50,大小球,1.52,0.0505,1,win,0.52,scan,11.8
美职,Colorado Rapids vs Sporting Kansas City,2026-08-16T01:30:00+00:00,让球主(-1.0),让球,1.76,0.5107,2,win,0.76,scan,12.2
美职,Real Salt Lake vs Minnesota United FC,2026-08-16T01:30:00+00:00,大2.50,大小球,1.65,0.3932,2,lose,-1.0,scan,12.2
美职,Los Angeles FC vs San Diego FC,2026-08-16T02:30:00+00:00,让球主(-0.5),让球,1.6,0.2317,2,lose,-1.0,scan,13.2
美职,San Jose Earthquakes vs St. Louis City SC,2026-08-16T02:30:00+00:00,让球主(-0.5),让球,2.18,0.4584,2,lose,-1.0,scan,13.2
墨超,Atlas vs Tigres,2026-08-16T03:10:00+00:00,小2.50,大小球,1.79,0.3046,2,lose,-1.0,scan,13.8
荷甲,ADO Den Haag vs Groningen,2026-08-16T10:15:00+00:00,让球主(+0.0),让球,2.08,0.4236,2,lose,-1.0,scan,24.1
德乙,Dynamo Dresden vs SV Darmstadt 98,2026-08-16T11:30:00+00:00,让球主(-0.5),让球,2.05,0.1086,1,win,1.05,scan,75.8
瑞超,Djurgardens IF vs AIK,2026-08-16T12:00:00+00:00,大2.50,大小球,1.52,0.1422,1,win,0.52,scan,22.7
瑞超,Degerfors IF vs IFK Goteborg,2026-08-16T12:00:00+00:00,大2.50,大小球,1.9,0.2688,3,win,0.9,scan,22.7
瑞超,IF Brommapojkarna vs Örgryte IS,2026-08-16T12:00:00+00:00,让球主(-0.5),让球,1.84,0.2961,2,win,0.84,scan,22.7
丹超,OB Odense BK vs AC Horsens,2026-08-16T12:00:00+00:00,让球客(+0.5),让球,2.2,0.3327,3,win,1.2,scan,22.6
荷甲,Feyenoord vs Go Ahead Eagles,2026-08-16T12:30:00+00:00,小2.50,大小球,3.14,0.1631,1,lose,-1.0,scan,26.3
英冠,Watford vs Southampton,2026-08-16T12:30:00+00:00,让球主(+0.5),让球,1.8,0.1913,1,win,0.8,scan,25.2
比甲,RAAL La Louvière vs Gent,2026-08-16T14:00:00+00:00,让球主(+0.2),让球,1.83,0.2797,2,lose,-1.0,scan,24.9
巴甲,Chapecoense vs Bahia,2026-08-16T14:00:00+00:00,大2.50,大小球,1.95,0.3167,2,win,0.95,scan,24.7
葡超,Nacional vs Estoril,2026-08-16T14:30:00+00:00,大2.50,大小球,1.92,0.2934,2,lose,-1.0,scan,25.4
瑞超,GAIS vs Malmo FF,2026-08-16T14:30:00+00:00,小2.50,大小球,2.24,0.455,2,win,1.24,scan,25.2
瑞超,Kalmar FF vs Hammarby IF,2026-08-16T14:30:00+00:00,让球主(+0.5),让球,2.02,0.6682,2,lose,-1.0,scan,25.2
荷甲,Ajax vs Heerenveen,2026-08-16T14:45:00+00:00,让球主(-1.2),让球,1.9,0.06,1,lose,-1.0,scan,28.6
西甲,Real Racing Club de Santander vs Villarreal,2026-08-16T15:00:00+00:00,让球主(+0.5),让球,1.7,0.3059,2,win,0.7,scan,27.0
西乙,SD Eibar vs Tenerife,2026-08-16T15:00:00+00:00,让球主(-0.5),让球,1.99,0.3803,2,lose,-1.0,scan,28.8
英冠,Burnley vs West Ham United,2026-08-16T15:00:00+00:00,让球主(+0.5),让球,1.6,0.445,2,win,0.6,scan,27.7
挪超,Molde vs Tromso,2026-08-16T15:00:00+00:00,大2.50,大小球,1.68,0.2106,2,win,0.68,scan,25.7
挪超,Sarpsborg FK vs Sandefjord,2026-08-16T15:00:00+00:00,小2.50,大小球,2.48,0.5454,2,lose,-1.0,scan,25.7
丹超,Randers FC vs FC Copenhagen,2026-08-16T16:00:00+00:00,大2.50,大小球,1.61,0.177,1,win,0.61,scan,26.6
智利甲,Ñublense vs Union La Calera,2026-08-16T16:30:00+00:00,让球主(-0.5),让球,1.77,0.4193,2,win,0.77,scan,27.1
西甲,Espanyol vs Levante,2026-08-16T17:00:00+00:00,让球主(-0.5),让球,2.11,0.1176,1,win,1.11,scan,29.0
西乙,Burgos CF vs Córdoba,2026-08-16T17:00:00+00:00,让球主(-0.2),让球,2.11,0.2103,2,win,1.11,scan,30.8
巴甲,Atletico Mineiro vs Grêmio,2026-08-16T19:00:00+00:00,让球主(-0.5),让球,1.84,0.0993,1,win,0.84,scan,29.7
巴甲,Vasco da Gama vs Santos,2026-08-16T19:00:00+00:00,大2.50,大小球,2.06,0.248,2,win,1.06,scan,29.7
智利甲,Cobresal vs Deportes Concepción,2026-08-16T19:00:00+00:00,让球主(+0.0),让球,1.88,0.37,2,lose,-1.0,scan,29.6
西乙,Las Palmas vs Albacete,2026-08-16T19:30:00+00:00,小2.50,大小球,1.97,0.2581,2,lose,-1.0,scan,33.3
巴甲,Vitoria vs Botafogo,2026-08-16T21:30:00+00:00,让球主(-0.5),让球,2.3,0.3997,2,win,1.3,scan,32.2
智利甲,Colo Colo vs O'Higgins,2026-08-16T21:30:00+00:00,让球主(-1.0),让球,1.82,0.2909,2,lose,-1.0,scan,32.1
美职,Chicago Fire vs Portland Timbers,2026-08-16T22:00:00+00:00,让球主(-1.0),让球,1.85,0.1389,1,push,0.0,scan,32.7
美职,New York City FC vs Philadelphia Union,2026-08-16T22:00:00+00:00,大2.50,大小球,1.71,0.5795,1,win,0.71,scan,32.7
巴甲,Corinthians vs Cruzeiro,2026-08-16T22:30:00+00:00,小2.50,大小球,1.63,0.0734,1,lose,-1.0,scan,33.2
墨超,América vs Atlético San Luis,2026-08-16T23:00:00+00:00,大2.50,大小球,1.66,0.0507,1,win,0.66,scan,33.7
阿甲,Barracas Central vs Rosario Central,2026-08-16T23:15:00+00:00,让球主(+0.0),让球,1.97,0.0522,1,lose,-1.0,scan,33.9
J1,Shimizu S-Pulse vs Yokohama F Marinos,2026-08-15T09:30:00+00:00,让球客(+0.2),让球,1.775,0.14489969676547587,1,win,0.775,settle档案,1.0
J1,Fagiano Okayama vs V-Varen Nagasaki,2026-08-15T09:55:00+00:00,大2.5,大小球,2.1,0.10211243990361774,1,lose,-1.0,settle档案,1.4
J1,Urawa Red Diamonds vs Sanfrecce Hiroshima,,让球主(+0.5),让球,1.875,0.09473516248006031,1,lose,-1.0,settle档案,
J1,Kashima Antlers vs Nagoya Grampus,2026-08-15T09:00:00+00:00,让球主(-0.8),让球,2.025,0.0856450224765779,1,half,0.5125,settle档案,0.5
J1,Avispa Fukuoka vs Cerezo Osaka,2026-08-15T10:00:00+00:00,让球客(-0.0),让球,1.875,0.14663571985437085,1,lose,-1.0,settle档案,1.5
中超,Tianjin Jinmen Tiger FC vs Beijing FC,2026-08-15T11:35:00+00:00,小2.50,大小球,2.34,0.0723,1,lose,-1.0,settle档案,-0.3
英乙,Cheltenham Town vs Rotherham United,2026-08-15T14:00:00+00:00,大2.50,大小球,2.16,0.37,2,win,1.16,paper_settle恢复,0.7
英乙,Chesterfield FC vs Fleetwood Town,2026-08-15T14:00:00+00:00,小2.50,大小球,1.85,0.2895,2,win,0.85,paper_settle恢复,0.7
英乙,Grimsby Town vs Exeter City,2026-08-15T14:00:00+00:00,让球主(-0.5),让球,1.87,0.1991,2,win,0.87,paper_settle恢复,0.7
葡超,Alverca vs CF Estrela,2026-08-15T14:30:00+00:00,小2.50,大小球,1.77,0.1158,1,lose,-1.0,paper_settle恢复,1.4
西乙,Andorra CF vs AD Ceuta FC,2026-08-15T15:00:00+00:00,让球主(-0.8),让球,1.86,0.1733,1,win,0.86,paper_settle恢复,4.8
比甲,KV Kortrijk vs Royal Antwerp,2026-08-15T16:15:00+00:00,小2.50,大小球,1.86,0.23,2,lose,-1.0,paper_settle恢复,3.2
阿甲,Aldosivi Mar del Plata vs CA Tigre BA,2026-08-15T17:30:00+00:00,让球客(-0.0),让球,1.87,0.0877,1,push,0.0,paper_settle恢复,4.2
比甲,Leuven vs Club Brugge,2026-08-15T18:45:00+00:00,让球主(+1.0),让球,2.04,0.2533,2,lose,-1.0,paper_settle恢复,5.7
巴甲,Fluminense vs Palmeiras,2026-08-15T19:30:00+00:00,大2.50,大小球,2.5,0.0751,1,win,1.5,paper_settle恢复,6.2
阿甲,Estudiantes vs Gimnasia La Plata,2026-08-15T19:45:00+00:00,让球主(-0.5),让球,2.12,0.2564,2,win,1.12,paper_settle恢复,6.4
阿甲,Belgrano de Cordoba vs Independiente Rivadavia,2026-08-15T22:00:00+00:00,让球客(+0.5),让球,1.86,0.2696,2,lose,-1.0,paper_settle恢复,8.7
美职,Atlanta United FC vs New York Red Bulls,2026-08-15T23:30:00+00:00,让球主(-0.5),让球,2.07,0.0753,1,win,1.07,paper_settle恢复,10.2
J1,Mito HollyHock vs Gamba Osaka,,小2.50,大小球,1.76,0.0779,1,win,0.76,settle档案,
J1,JEF United Chiba vs FC Machida Zelvia,,让球主(+0.5),让球,2.0,0.3528,2,lose,-1.0,settle档案,
J1,Vissel Kobe vs FC Tokyo,,小2.50,大小球,1.77,0.0832,2,lose,-1.0,settle档案,
中超,Zhejiang vs Chengdu Rongcheng FC,,让球主(+0.5),让球,1.75,0.1327,2,lose,-1.0,settle档案,
瑞超,IK Sirius vs BK Häcken,2026-08-22T01:00:00+08:00,让球主(-0.5),让球,1.91,0.19168248868117432,,lose,-1.0,scan24h对账,-0.6
瑞超,IK Sirius vs BK Häcken,2026-08-22T01:00:00+08:00,让球客(+0.5),让球,1.93,-0.4157,,win,0.93,scan24h对账,-0.6
瑞超,IK Sirius vs BK Häcken,2026-08-22T01:00:00+08:00,小2.50,大小球,1.84,-0.627,,lose,-1.0,scan24h对账,-0.6
瑞超,IK Sirius vs BK Häcken,2026-08-22T01:00:00+08:00,大2.50,大小球,1.99,0.2365672588832486,,win,0.99,scan24h对账,-0.6
瑞超,IK Sirius vs BK Häcken,2026-08-22T01:00:00+08:00,1X2主胜,1X2,1.97,0.2137,,lose,-1.0,scan24h对账,-0.6
瑞超,IK Sirius vs BK Häcken,2026-08-22T01:00:00+08:00,1X2平局,1X2,4.3,-0.1598,,lose,-1.0,scan24h对账,-0.6
瑞超,IK Sirius vs BK Häcken,2026-08-22T01:00:00+08:00,1X2客胜,1X2,3.8,-0.2962,,win,2.8,scan24h对账,-0.6
阿甲,Aldosivi vs Club Atlético Unión de Santa Fe,2026-08-22T01:30:00+08:00,让球主(+0.2),让球,1.94,0.21995563714242028,,lose,-1.0,scan24h对账,24.1
阿甲,Aldosivi vs Club Atlético Unión de Santa Fe,2026-08-22T01:30:00+08:00,让球客(-0.2),让球,1.93,-0.3533,,win,0.93,scan24h对账,24.1
阿甲,Aldosivi vs Club Atlético Unión de Santa Fe,2026-08-22T01:30:00+08:00,小2.50,大小球,1.45,-0.12507211839959864,,lose,-1.0,scan24h对账,24.1
阿甲,Aldosivi vs Club Atlético Unión de Santa Fe,2026-08-22T01:30:00+08:00,大2.50,大小球,2.58,-0.5145,,win,1.58,scan24h对账,24.1
阿甲,Aldosivi vs Club Atlético Unión de Santa Fe,2026-08-22T01:30:00+08:00,1X2主胜,1X2,3.42,-0.0683,,lose,-1.0,scan24h对账,24.1
阿甲,Aldosivi vs Club Atlético Unión de Santa Fe,2026-08-22T01:30:00+08:00,1X2平局,1X2,2.93,-0.0122,,lose,-1.0,scan24h对账,24.1
阿甲,Aldosivi vs Club Atlético Unión de Santa Fe,2026-08-22T01:30:00+08:00,1X2客胜,1X2,2.26,-0.2775,,win,1.26,scan24h对账,24.1
丹超,FC Petrolul Ploiești vs FC Rapid București,2026-08-22T01:30:00+08:00,让球主(+0.2),让球,2.0,0.2096,,lose,-1.0,scan24h对账,24.1
丹超,FC Petrolul Ploiești vs FC Rapid București,2026-08-22T01:30:00+08:00,让球客(-0.2),让球,1.85,-0.3409,,win,0.85,scan24h对账,24.1
丹超,FC Petrolul Ploiești vs FC Rapid București,2026-08-22T01:30:00+08:00,小2.50,大小球,1.65,-0.0493,,win,0.65,scan24h对账,24.1
丹超,FC Petrolul Ploiești vs FC Rapid București,2026-08-22T01:30:00+08:00,大2.50,大小球,2.13,-0.2469,,lose,-1.0,scan24h对账,24.1
丹超,FC Petrolul Ploiești vs FC Rapid București,2026-08-22T01:30:00+08:00,1X2主胜,1X2,3.37,0.0495,,lose,-1.0,scan24h对账,24.1
丹超,FC Petrolul Ploiești vs FC Rapid București,2026-08-22T01:30:00+08:00,1X2平局,1X2,3.19,-0.1495,,lose,-1.0,scan24h对账,24.1
丹超,FC Petrolul Ploiești vs FC Rapid București,2026-08-22T01:30:00+08:00,1X2客胜,1X2,2.09,-0.2884,,win,1.09,scan24h对账,24.1
法乙,USL Dunkerque vs Montpellier,2026-08-22T02:00:00+08:00,让球主(+0.0),让球,1.82,-0.3461,,lose,-1.0,scan24h对账,0.4
法乙,USL Dunkerque vs Montpellier,2026-08-22T02:00:00+08:00,让球客(-0.0),让球,1.98,0.1663,,win,0.98,scan24h对账,0.4
法乙,USL Dunkerque vs Montpellier,2026-08-22T02:00:00+08:00,小2.50,大小球,2.22,0.4342988172821627,,win,1.22,scan24h对账,0.4
法乙,USL Dunkerque vs Montpellier,2026-08-22T02:00:00+08:00,大2.50,大小球,1.8,-0.6933,,lose,-1.0,scan24h对账,0.4
法乙,USL Dunkerque vs Montpellier,2026-08-22T02:00:00+08:00,1X2主胜,1X2,2.3,-0.5072,,lose,-1.0,scan24h对账,0.4
法乙,USL Dunkerque vs Montpellier,2026-08-22T02:00:00+08:00,1X2平局,1X2,3.75,0.382,,lose,-1.0,scan24h对账,0.4
法乙,USL Dunkerque vs Montpellier,2026-08-22T02:00:00+08:00,1X2客胜,1X2,3.3,0.362,,win,2.3,scan24h对账,0.4
法乙,US Boulogne Côte-d'Opale vs Red Star FC,2026-08-22T02:00:00+08:00,让球主(+0.2),让球,1.85,-0.068,,half,0.425,scan24h对账,24.6
法乙,US Boulogne Côte-d'Opale vs Red Star FC,2026-08-22T02:00:00+08:00,让球客(-0.2),让球,2.01,-0.0763,,lose,-1.0,scan24h对账,24.6
法乙,US Boulogne Côte-d'Opale vs Red Star FC,2026-08-22T02:00:00+08:00,小2.50,大小球,1.63,-0.0917,,win,0.63,scan24h对账,24.6
法乙,US Boulogne Côte-d'Opale vs Red Star FC,2026-08-22T02:00:00+08:00,大2.50,大小球,2.17,-0.1893,,lose,-1.0,scan24h对账,24.6
法乙,US Boulogne Côte-d'Opale vs Red Star FC,2026-08-22T02:00:00+08:00,1X2主胜,1X2,3.12,-0.2578,,lose,-1.0,scan24h对账,24.6
法乙,US Boulogne Côte-d'Opale vs Red Star FC,2026-08-22T02:00:00+08:00,1X2平局,1X2,3.06,-0.165,,win,2.06,scan24h对账,24.6
法乙,US Boulogne Côte-d'Opale vs Red Star FC,2026-08-22T02:00:00+08:00,1X2客胜,1X2,2.3,-0.0492,,lose,-1.0,scan24h对账,24.6
法乙,Sochaux vs Guingamp,2026-08-22T02:00:00+08:00,让球主(+0.2),让球,1.79,0.11936842105263157,,win,0.79,scan24h对账,0.4
法乙,Sochaux vs Guingamp,2026-08-22T02:00:00+08:00,让球客(-0.2),让球,2.08,-0.5198,,lose,-1.0,scan24h对账,0.4
法乙,Sochaux vs Guingamp,2026-08-22T02:00:00+08:00,小2.50,大小球,1.8,-0.1639,,win,0.8,scan24h对账,0.4
法乙,Sochaux vs Guingamp,2026-08-22T02:00:00+08:00,大2.50,大小球,1.9,-0.1264,,lose,-1.0,scan24h对账,0.4
法乙,Sochaux vs Guingamp,2026-08-22T02:00:00+08:00,1X2主胜,1X2,2.88,0.3348,,win,1.88,scan24h对账,0.4
法乙,Sochaux vs Guingamp,2026-08-22T02:00:00+08:00,1X2平局,1X2,3.4,-0.0781,,lose,-1.0,scan24h对账,0.4
法乙,Sochaux vs Guingamp,2026-08-22T02:00:00+08:00,1X2客胜,1X2,2.72,-0.3024,,lose,-1.0,scan24h对账,0.4
法乙,Pau FC vs Nancy,2026-08-22T02:00:00+08:00,让球主(-0.2),让球,1.93,-0.5952,,lose,-1.0,scan24h对账,0.4
法乙,Pau FC vs Nancy,2026-08-22T02:00:00+08:00,让球客(+0.2),让球,1.93,0.2105596013798392,,win,0.93,scan24h对账,0.4
法乙,Pau FC vs Nancy,2026-08-22T02:00:00+08:00,小2.50,大小球,1.82,-0.1598,,win,0.82,scan24h对账,0.4
法乙,Pau FC vs Nancy,2026-08-22T02:00:00+08:00,大2.50,大小球,2.16,0.1364,,lose,-1.0,scan24h对账,0.4
法乙,Pau FC vs Nancy,2026-08-22T02:00:00+08:00,1X2主胜,1X2,2.72,-0.3508,,lose,-1.0,scan24h对账,0.4
法乙,Pau FC vs Nancy,2026-08-22T02:00:00+08:00,1X2平局,1X2,3.3,-0.1393,,lose,-1.0,scan24h对账,0.4
法乙,Pau FC vs Nancy,2026-08-22T02:00:00+08:00,1X2客胜,1X2,2.98,0.4729,,win,1.98,scan24h对账,0.4
法乙,Clermont Foot vs Dijon,2026-08-22T02:00:00+08:00,让球主(+0.0),让球,1.9,-0.1045,,push,0.0,scan24h对账,24.6
法乙,Clermont Foot vs Dijon,2026-08-22T02:00:00+08:00,让球客(-0.0),让球,1.9,-0.0905,,push,0.0,scan24h对账,24.6
法乙,Clermont Foot vs Dijon,2026-08-22T02:00:00+08:00,小2.50,大小球,1.72,-0.1901,,win,0.72,scan24h对账,24.6
法乙,Clermont Foot vs Dijon,2026-08-22T02:00:00+08:00,大2.50,大小球,2.03,-0.0658,,lose,-1.0,scan24h对账,24.6
法乙,Clermont Foot vs Dijon,2026-08-22T02:00:00+08:00,1X2主胜,1X2,2.51,-0.1742,,lose,-1.0,scan24h对账,24.6
法乙,Clermont Foot vs Dijon,2026-08-22T02:00:00+08:00,1X2平局,1X2,3.31,-0.134,,win,2.31,scan24h对账,24.6
法乙,Clermont Foot vs Dijon,2026-08-22T02:00:00+08:00,1X2客胜,1X2,2.63,-0.1199,,lose,-1.0,scan24h对账,24.6
土超,Erzurumspor FK vs Galatasaray,2026-08-22T02:30:00+08:00,让球主(+1.2),让球,1.94,0.22317515963440604,,lose,-1.0,scan24h对账,25.0
土超,Erzurumspor FK vs Galatasaray,2026-08-22T02:30:00+08:00,让球客(-1.2),让球,1.94,-0.6212,,win,0.94,scan24h对账,25.0
土超,Erzurumspor FK vs Galatasaray,2026-08-22T02:30:00+08:00,小2.50,大小球,2.05,-0.1262,,lose,-1.0,scan24h对账,25.0
土超,Erzurumspor FK vs Galatasaray,2026-08-22T02:30:00+08:00,大2.50,大小球,1.72,-0.1244,,win,0.72,scan24h对账,25.0
土超,Erzurumspor FK vs Galatasaray,2026-08-22T02:30:00+08:00,1X2主胜,1X2,7.5,1.3401,,lose,-1.0,scan24h对账,25.0
土超,Erzurumspor FK vs Galatasaray,2026-08-22T02:30:00+08:00,1X2平局,1X2,4.4,0.1156,,lose,-1.0,scan24h对账,25.0
土超,Erzurumspor FK vs Galatasaray,2026-08-22T02:30:00+08:00,1X2客胜,1X2,1.4,-0.4893,,win,0.4,scan24h对账,25.0
比甲,Standard Liège vs RAAL La Louvière,2026-08-22T02:45:00+08:00,让球主(-0.5),让球,1.88,-0.3123,,win,0.88,scan24h对账,1.2
比甲,Standard Liège vs RAAL La Louvière,2026-08-22T02:45:00+08:00,让球客(+0.5),让球,1.99,0.1958,1,lose,-1.0,scan24h对账,1.2
比甲,Standard Liège vs RAAL La Louvière,2026-08-22T02:45:00+08:00,小2.50,大小球,1.87,0.20239676580999144,,win,0.87,scan24h对账,1.2
比甲,Standard Liège vs RAAL La Louvière,2026-08-22T02:45:00+08:00,大2.50,大小球,2.1,-0.3615,,lose,-1.0,scan24h对账,1.2
比甲,Standard Liège vs RAAL La Louvière,2026-08-22T02:45:00+08:00,1X2主胜,1X2,2.02,-0.2572,,win,1.02,scan24h对账,1.2
比甲,Standard Liège vs RAAL La Louvière,2026-08-22T02:45:00+08:00,1X2平局,1X2,3.55,0.1594,,lose,-1.0,scan24h对账,1.2
比甲,Standard Liège vs RAAL La Louvière,2026-08-22T02:45:00+08:00,1X2客胜,1X2,4.4,0.3273,,lose,-1.0,scan24h对账,1.2
法甲,Olympique de Marseille vs RC Strasbourg,2026-08-22T02:45:00+08:00,让球主(-0.8),让球,1.95,0.235879153190238,,win,0.95,scan24h对账,25.3
法甲,Olympique de Marseille vs RC Strasbourg,2026-08-22T02:45:00+08:00,让球客(+0.8),让球,1.95,-0.392,,lose,-1.0,scan24h对账,25.3
法甲,Olympique de Marseille vs RC Strasbourg,2026-08-22T02:45:00+08:00,小2.50,大小球,2.45,-0.2258,,lose,-1.0,scan24h对账,25.3
法甲,Olympique de Marseille vs RC Strasbourg,2026-08-22T02:45:00+08:00,大2.50,大小球,1.51,-0.08300589390962665,,win,0.51,scan24h对账,25.3
法甲,Olympique de Marseille vs RC Strasbourg,2026-08-22T02:45:00+08:00,1X2主胜,1X2,1.71,-0.0093,,win,0.71,scan24h对账,25.3
法甲,Olympique de Marseille vs RC Strasbourg,2026-08-22T02:45:00+08:00,1X2平局,1X2,4.06,-0.1738,,lose,-1.0,scan24h对账,25.3
法甲,Olympique de Marseille vs RC Strasbourg,2026-08-22T02:45:00+08:00,1X2客胜,1X2,4.35,-0.3054,,lose,-1.0,scan24h对账,25.3
西乙,Córdoba vs Girona FC,2026-08-22T03:00:00+08:00,让球主(+0.2),让球,1.88,0.18133469700843774,,win,0.88,scan24h对账,1.4
西乙,Córdoba vs Girona FC,2026-08-22T03:00:00+08:00,让球客(-0.2),让球,1.99,-0.581,,lose,-1.0,scan24h对账,1.4
西乙,Córdoba vs Girona FC,2026-08-22T03:00:00+08:00,小2.50,大小球,2.2,0.0534,,lose,-1.0,scan24h对账,1.4
西乙,Córdoba vs Girona FC,2026-08-22T03:00:00+08:00,大2.50,大小球,1.81,-0.0693,,win,0.81,scan24h对账,1.4
西乙,Córdoba vs Girona FC,2026-08-22T03:00:00+08:00,1X2主胜,1X2,2.72,0.3331,,win,1.72,scan24h对账,1.4
西乙,Córdoba vs Girona FC,2026-08-22T03:00:00+08:00,1X2平局,1X2,3.6,-0.0511,,lose,-1.0,scan24h对账,1.4
西乙,Córdoba vs Girona FC,2026-08-22T03:00:00+08:00,1X2客胜,1X2,2.76,-0.3414,,lose,-1.0,scan24h对账,1.4
西甲,Real Betis vs Real Sociedad,2026-08-22T03:00:00+08:00,让球主(-0.2),让球,1.85,0.173,,win,0.85,scan24h对账,1.4
西甲,Real Betis vs Real Sociedad,2026-08-22T03:00:00+08:00,让球客(+0.2),让球,2.1,-0.2661,,lose,-1.0,scan24h对账,1.4
西甲,Real Betis vs Real Sociedad,2026-08-22T03:00:00+08:00,小2.50,大小球,2.08,-0.2717,,win,1.08,scan24h对账,1.4
西甲,Real Betis vs Real Sociedad,2026-08-22T03:00:00+08:00,大2.50,大小球,1.9,0.2213,2,lose,-1.0,scan24h对账,1.4
西甲,Real Betis vs Real Sociedad,2026-08-22T03:00:00+08:00,1X2主胜,1X2,2.14,0.2433,,win,1.14,scan24h对账,1.4
西甲,Real Betis vs Real Sociedad,2026-08-22T03:00:00+08:00,1X2平局,1X2,3.6,-0.2125,,lose,-1.0,scan24h对账,1.4
西甲,Real Betis vs Real Sociedad,2026-08-22T03:00:00+08:00,1X2客胜,1X2,3.85,-0.2474,,lose,-1.0,scan24h对账,1.4
英超,Arsenal vs Coventry City,2026-08-22T03:00:00+08:00,让球主(-2.0),让球,1.94,-0.5879,,win,0.94,scan24h对账,1.4
英超,Arsenal vs Coventry City,2026-08-22T03:00:00+08:00,让球客(+2.0),让球,1.94,0.22318181818181815,,lose,-1.0,scan24h对账,1.4
英超,Arsenal vs Coventry City,2026-08-22T03:00:00+08:00,小2.50,大小球,2.58,0.4866,,lose,-1.0,scan24h对账,1.4
英超,Arsenal vs Coventry City,2026-08-22T03:00:00+08:00,大2.50,大小球,1.62,-0.3213,,win,0.62,scan24h对账,1.4
英超,Arsenal vs Coventry City,2026-08-22T03:00:00+08:00,1X2主胜,1X2,1.23,-0.3621,,win,0.23,scan24h对账,1.4
英超,Arsenal vs Coventry City,2026-08-22T03:00:00+08:00,1X2平局,1X2,7.4,0.9856,,lose,-1.0,scan24h对账,1.4
英超,Arsenal vs Coventry City,2026-08-22T03:00:00+08:00,1X2客胜,1X2,17.0,2.5049,,lose,-1.0,scan24h对账,1.4
阿甲,Estudiantes de Río Cuarto vs San Lorenzo,2026-08-22T07:00:00+08:00,让球主(+0.0),让球,1.95,-0.1563,,push,0.0,scan24h对账,5.4
阿甲,Estudiantes de Río Cuarto vs San Lorenzo,2026-08-22T07:00:00+08:00,让球客(-0.0),让球,1.8,-0.094,,push,0.0,scan24h对账,5.4
阿甲,Estudiantes de Río Cuarto vs San Lorenzo,2026-08-22T07:00:00+08:00,小2.50,大小球,1.31,-0.19813209494324036,,win,0.31,scan24h对账,5.4
阿甲,Estudiantes de Río Cuarto vs San Lorenzo,2026-08-22T07:00:00+08:00,大2.50,大小球,3.35,-0.9022,,lose,-1.0,scan24h对账,5.4
阿甲,Estudiantes de Río Cuarto vs San Lorenzo,2026-08-22T07:00:00+08:00,1X2主胜,1X2,3.7,-0.2564,,lose,-1.0,scan24h对账,5.4
阿甲,Estudiantes de Río Cuarto vs San Lorenzo,2026-08-22T07:00:00+08:00,1X2平局,1X2,2.82,0.4562,,win,1.82,scan24h对账,5.4
阿甲,Estudiantes de Río Cuarto vs San Lorenzo,2026-08-22T07:00:00+08:00,1X2客胜,1X2,2.56,-0.3155,,lose,-1.0,scan24h对账,5.4
墨超,Tigres UANL vs Atlante FC,2026-08-22T09:00:00+08:00,让球主(-1.0),让球,1.98,0.27408094838941466,,win,0.98,scan24h对账,7.4
墨超,Tigres UANL vs Atlante FC,2026-08-22T09:00:00+08:00,让球客(+1.0),让球,1.98,-0.6767,,lose,-1.0,scan24h对账,7.4
墨超,Tigres UANL vs Atlante FC,2026-08-22T09:00:00+08:00,小2.50,大小球,2.24,-0.7231,,win,1.24,scan24h对账,7.4
墨超,Tigres UANL vs Atlante FC,2026-08-22T09:00:00+08:00,大2.50,大小球,1.76,0.1275040018294078,,lose,-1.0,scan24h对账,7.4
墨超,Tigres UANL vs Atlante FC,2026-08-22T09:00:00+08:00,1X2主胜,1X2,1.59,0.022020943668753068,,win,0.59,scan24h对账,7.4
墨超,Tigres UANL vs Atlante FC,2026-08-22T09:00:00+08:00,1X2平局,1X2,4.7,-0.5067,,lose,-1.0,scan24h对账,7.4
墨超,Tigres UANL vs Atlante FC,2026-08-22T09:00:00+08:00,1X2客胜,1X2,5.9,-0.6317,,lose,-1.0,scan24h对账,7.4
墨超,FC Juárez vs Club América,2026-08-22T11:10:00+08:00,让球主(+0.8),让球,1.94,-0.1058,,lose,-1.0,scan24h对账,9.4
墨超,FC Juárez vs Club América,2026-08-22T11:10:00+08:00,让球客(-0.8),让球,2.02,0.0679,,half,0.51,scan24h对账,9.4
墨超,FC Juárez vs Club América,2026-08-22T11:10:00+08:00,小2.50,大小球,2.18,-0.1868,,lose,-1.0,scan24h对账,9.4
墨超,FC Juárez vs Club América,2026-08-22T11:10:00+08:00,大2.50,大小球,1.81,0.1148,,win,0.81,scan24h对账,9.4
墨超,FC Juárez vs Club América,2026-08-22T11:10:00+08:00,1X2主胜,1X2,4.7,0.2049,,lose,-1.0,scan24h对账,9.4
墨超,FC Juárez vs Club América,2026-08-22T11:10:00+08:00,1X2平局,1X2,4.1,0.0097,,lose,-1.0,scan24h对账,9.4
墨超,FC Juárez vs Club América,2026-08-22T11:10:00+08:00,1X2客胜,1X2,1.81,-0.1162,,win,0.81,scan24h对账,9.4
J1,Kashima Antlers vs Avispa Fukuoka,2026-08-22T17:00:00+08:00,让球主(-0.8),让球,2.01,-0.2603,,half,0.505,scan24h对账,15.4
J1,Kashima Antlers vs Avispa Fukuoka,2026-08-22T17:00:00+08:00,让球客(+0.8),让球,1.88,0.1344,,lose,-1.0,scan24h对账,15.4
J1,Kashima Antlers vs Avispa Fukuoka,2026-08-22T17:00:00+08:00,小2.50,大小球,1.6,-0.353,,lose,-1.0,scan24h对账,15.4
J1,Kashima Antlers vs Avispa Fukuoka,2026-08-22T17:00:00+08:00,大2.50,大小球,2.42,0.3522,,win,1.42,scan24h对账,15.4
J1,Kashima Antlers vs Avispa Fukuoka,2026-08-22T17:00:00+08:00,1X2主胜,1X2,1.79,-0.3427,,win,0.79,scan24h对账,15.4
J1,Kashima Antlers vs Avispa Fukuoka,2026-08-22T17:00:00+08:00,1X2平局,1X2,3.6,-0.0754,,lose,-1.0,scan24h对账,15.4
J1,Kashima Antlers vs Avispa Fukuoka,2026-08-22T17:00:00+08:00,1X2客胜,1X2,5.8,1.1297,,lose,-1.0,scan24h对账,15.4
J1,Fagiano Okayama vs Tokyo Verdy,2026-08-22T17:30:00+08:00,让球主(-0.2),让球,1.88,-0.3217,,lose,-1.0,scan24h对账,15.9
J1,Fagiano Okayama vs Tokyo Verdy,2026-08-22T17:30:00+08:00,让球客(+0.2),让球,1.93,0.1417,,half,0.465,scan24h对账,15.9
J1,Fagiano Okayama vs Tokyo Verdy,2026-08-22T17:30:00+08:00,小2.50,大小球,1.54,-0.382,,win,0.54,scan24h对账,15.9
J1,Fagiano Okayama vs Tokyo Verdy,2026-08-22T17:30:00+08:00,大2.50,大小球,2.52,0.3974,,lose,-1.0,scan24h对账,15.9
J1,Fagiano Okayama vs Tokyo Verdy,2026-08-22T17:30:00+08:00,1X2主胜,1X2,2.22,-0.1961,,lose,-1.0,scan24h对账,15.9
J1,Fagiano Okayama vs Tokyo Verdy,2026-08-22T17:30:00+08:00,1X2平局,1X2,3.1,-0.2148,,win,2.1,scan24h对账,15.9
J1,Fagiano Okayama vs Tokyo Verdy,2026-08-22T17:30:00+08:00,1X2客胜,1X2,4.0,0.4484,,lose,-1.0,scan24h对账,15.9
J1,Nagoya Grampus vs Gamba Osaka,2026-08-22T18:00:00+08:00,让球主(-0.2),让球,2.0,-0.2718,,win,1.0,scan24h对账,16.4
J1,Nagoya Grampus vs Gamba Osaka,2026-08-22T18:00:00+08:00,让球客(+0.2),让球,1.85,0.1044,,lose,-1.0,scan24h对账,16.4
J1,Nagoya Grampus vs Gamba Osaka,2026-08-22T18:00:00+08:00,小2.50,大小球,2.02,-0.1787,,lose,-1.0,scan24h对账,16.4
J1,Nagoya Grampus vs Gamba Osaka,2026-08-22T18:00:00+08:00,大2.50,大小球,1.86,0.0449,,win,0.86,scan24h对账,16.4
J1,Nagoya Grampus vs Gamba Osaka,2026-08-22T18:00:00+08:00,1X2主胜,1X2,2.46,-0.1118,,win,1.46,scan24h对账,16.4
J1,Nagoya Grampus vs Gamba Osaka,2026-08-22T18:00:00+08:00,1X2平局,1X2,3.55,-0.1035,,lose,-1.0,scan24h对账,16.4
J1,Nagoya Grampus vs Gamba Osaka,2026-08-22T18:00:00+08:00,1X2客胜,1X2,2.96,0.0687,,lose,-1.0,scan24h对账,16.4
J1,Kyoto Sanga FC vs Mito Hollyhock,2026-08-22T18:00:00+08:00,让球主(-0.2),让球,1.84,-0.3225,,lose,-1.0,scan24h对账,16.4
J1,Kyoto Sanga FC vs Mito Hollyhock,2026-08-22T18:00:00+08:00,让球客(+0.2),让球,2.06,0.2436,,win,1.06,scan24h对账,16.4
J1,Kyoto Sanga FC vs Mito Hollyhock,2026-08-22T18:00:00+08:00,小2.50,大小球,1.74,-0.2846,,lose,-1.0,scan24h对账,16.4
J1,Kyoto Sanga FC vs Mito Hollyhock,2026-08-22T18:00:00+08:00,大2.50,大小球,2.24,0.2726,,win,1.24,scan24h对账,16.4
J1,Kyoto Sanga FC vs Mito Hollyhock,2026-08-22T18:00:00+08:00,1X2主胜,1X2,2.16,-0.2184,,lose,-1.0,scan24h对账,16.4
J1,Kyoto Sanga FC vs Mito Hollyhock,2026-08-22T18:00:00+08:00,1X2平局,1X2,3.4,-0.1395,,lose,-1.0,scan24h对账,16.4
J1,Kyoto Sanga FC vs Mito Hollyhock,2026-08-22T18:00:00+08:00,1X2客胜,1X2,3.75,0.3569,,win,2.75,scan24h对账,16.4
J1,Cerezo Osaka vs Shimizu S-Pulse,2026-08-22T18:00:00+08:00,让球主(-0.2),让球,2.01,-0.2603,,win,1.01,scan24h对账,16.4
J1,Cerezo Osaka vs Shimizu S-Pulse,2026-08-22T18:00:00+08:00,让球客(+0.2),让球,1.88,0.1344,,lose,-1.0,scan24h对账,16.4
J1,Cerezo Osaka vs Shimizu S-Pulse,2026-08-22T18:00:00+08:00,小2.50,大小球,2.0,-0.1862,,win,1.0,scan24h对账,16.4
J1,Cerezo Osaka vs Shimizu S-Pulse,2026-08-22T18:00:00+08:00,大2.50,大小球,1.88,0.0569,,lose,-1.0,scan24h对账,16.4
J1,Cerezo Osaka vs Shimizu S-Pulse,2026-08-22T18:00:00+08:00,1X2主胜,1X2,2.32,-0.1723,,win,1.32,scan24h对账,16.4
J1,Cerezo Osaka vs Shimizu S-Pulse,2026-08-22T18:00:00+08:00,1X2平局,1X2,3.5,-0.1266,,lose,-1.0,scan24h对账,16.4
J1,Cerezo Osaka vs Shimizu S-Pulse,2026-08-22T18:00:00+08:00,1X2客胜,1X2,3.11,0.1096,,lose,-1.0,scan24h对账,16.4
J1,Sanfrecce Hiroshima vs Kawasaki Frontale,2026-08-22T18:15:00+08:00,让球主(-0.8),让球,1.83,-0.3266,,lose,-1.0,scan24h对账,16.7
J1,Sanfrecce Hiroshima vs Kawasaki Frontale,2026-08-22T18:15:00+08:00,让球客(+0.8),让球,2.07,0.2489,,win,1.07,scan24h对账,16.7
J1,Sanfrecce Hiroshima vs Kawasaki Frontale,2026-08-22T18:15:00+08:00,小2.50,大小球,2.36,-0.0552,,win,1.36,scan24h对账,16.7
J1,Sanfrecce Hiroshima vs Kawasaki Frontale,2026-08-22T18:15:00+08:00,大2.50,大小球,1.6,-0.1149,,lose,-1.0,scan24h对账,16.7
J1,Sanfrecce Hiroshima vs Kawasaki Frontale,2026-08-22T18:15:00+08:00,1X2主胜,1X2,1.68,-0.389,,lose,-1.0,scan24h对账,16.7
J1,Sanfrecce Hiroshima vs Kawasaki Frontale,2026-08-22T18:15:00+08:00,1X2平局,1X2,4.4,0.1193,,win,3.4,scan24h对账,16.7
J1,Sanfrecce Hiroshima vs Kawasaki Frontale,2026-08-22T18:15:00+08:00,1X2客胜,1X2,5.1,0.8548,,lose,-1.0,scan24h对账,16.7
J1,Yokohama F. Marinos vs Vissel Kobe,2026-08-22T18:30:00+08:00,让球主(+0.2),让球,1.99,0.1982,,win,0.99,scan24h对账,16.9
J1,Yokohama F. Marinos vs Vissel Kobe,2026-08-22T18:30:00+08:00,让球客(-0.2),让球,1.89,-0.3059,,lose,-1.0,scan24h对账,16.9
J1,Yokohama F. Marinos vs Vissel Kobe,2026-08-22T18:30:00+08:00,小2.50,大小球,1.77,-0.2801,,win,0.77,scan24h对账,16.9
J1,Yokohama F. Marinos vs Vissel Kobe,2026-08-22T18:30:00+08:00,大2.50,大小球,2.14,0.2027,,lose,-1.0,scan24h对账,16.9
J1,Yokohama F. Marinos vs Vissel Kobe,2026-08-22T18:30:00+08:00,1X2主胜,1X2,3.5,0.2687,,win,2.5,scan24h对账,16.9
J1,Yokohama F. Marinos vs Vissel Kobe,2026-08-22T18:30:00+08:00,1X2平局,1X2,3.45,-0.1253,,lose,-1.0,scan24h对账,16.9
J1,Yokohama F. Marinos vs Vissel Kobe,2026-08-22T18:30:00+08:00,1X2客胜,1X2,2.24,-0.1881,,lose,-1.0,scan24h对账,16.9
中超,Wuhan Three Towns vs Tianjin Jinmen Tiger,2026-08-22T19:00:00+08:00,让球主(-0.2),让球,1.95,-0.233,,lose,-1.0,scan24h对账,17.4
中超,Wuhan Three Towns vs Tianjin Jinmen Tiger,2026-08-22T19:00:00+08:00,让球客(+0.2),让球,1.87,0.0496,,half,0.435,scan24h对账,17.4
中超,Wuhan Three Towns vs Tianjin Jinmen Tiger,2026-08-22T19:00:00+08:00,小2.50,大小球,2.1,0.3070587335576629,,win,1.1,scan24h对账,17.4
中超,Wuhan Three Towns vs Tianjin Jinmen Tiger,2026-08-22T19:00:00+08:00,大2.50,大小球,1.76,-0.4167,,lose,-1.0,scan24h对账,17.4
中超,Wuhan Three Towns vs Tianjin Jinmen Tiger,2026-08-22T19:00:00+08:00,1X2主胜,1X2,2.4,-0.0792,,lose,-1.0,scan24h对账,17.4
中超,Wuhan Three Towns vs Tianjin Jinmen Tiger,2026-08-22T19:00:00+08:00,1X2平局,1X2,3.55,0.0796,,win,2.55,scan24h对账,17.4
中超,Wuhan Three Towns vs Tianjin Jinmen Tiger,2026-08-22T19:00:00+08:00,1X2客胜,1X2,3.0,-0.1555,,lose,-1.0,scan24h对账,17.4
英乙,Walsall vs Grimsby Town,2026-08-22T19:30:00+08:00,让球主(+0.0),让球,2.1,-0.5957,,push,0.0,scan24h对账,-1.1
英乙,Walsall vs Grimsby Town,2026-08-22T19:30:00+08:00,让球客(-0.0),让球,1.81,0.14380221972814566,,push,0.0,scan24h对账,-1.1
英乙,Walsall vs Grimsby Town,2026-08-22T19:30:00+08:00,小2.50,大小球,1.75,0.09043767152968352,,win,0.75,scan24h对账,-1.1
英乙,Walsall vs Grimsby Town,2026-08-22T19:30:00+08:00,大2.50,大小球,2.12,-0.3746,,lose,-1.0,scan24h对账,-1.1
英乙,Walsall vs Grimsby Town,2026-08-22T19:30:00+08:00,1X2主胜,1X2,3.55,-0.624,,lose,-1.0,scan24h对账,-1.1
英乙,Walsall vs Grimsby Town,2026-08-22T19:30:00+08:00,1X2平局,1X2,2.42,-0.3522,,win,1.42,scan24h对账,-1.1
英乙,Walsall vs Grimsby Town,2026-08-22T19:30:00+08:00,1X2客胜,1X2,3.1,0.8885,,lose,-1.0,scan24h对账,-1.1
英乙,Salford City vs Chesterfield,2026-08-22T19:30:00+08:00,让球主(-0.2),让球,1.97,-0.1736,,lose,-1.0,scan24h对账,-1.1
英乙,Salford City vs Chesterfield,2026-08-22T19:30:00+08:00,让球客(+0.2),让球,1.85,-0.0111,,win,0.85,scan24h对账,-1.1
英乙,Salford City vs Chesterfield,2026-08-22T19:30:00+08:00,小2.50,大小球,1.68,0.07543151447661489,1,win,0.68,scan24h对账,-1.1
英乙,Salford City vs Chesterfield,2026-08-22T19:30:00+08:00,大2.50,大小球,2.38,-0.34,,lose,-1.0,scan24h对账,-1.1
英乙,Salford City vs Chesterfield,2026-08-22T19:30:00+08:00,1X2主胜,1X2,6.8,1.8174,,lose,-1.0,scan24h对账,-1.1
英乙,Salford City vs Chesterfield,2026-08-22T19:30:00+08:00,1X2平局,1X2,3.65,0.1894,,lose,-1.0,scan24h对账,-1.1
英乙,Salford City vs Chesterfield,2026-08-22T19:30:00+08:00,1X2客胜,1X2,1.7,-0.5739,,win,0.7,scan24h对账,-1.1
英乙,Bristol Rovers vs Newport County,2026-08-22T19:30:00+08:00,让球主(-0.5),让球,1.88,0.19555568299116866,,win,0.88,scan24h对账,-1.1
英乙,Bristol Rovers vs Newport County,2026-08-22T19:30:00+08:00,让球客(+0.5),让球,2.04,-0.7444,,lose,-1.0,scan24h对账,-1.1
英乙,Bristol Rovers vs Newport County,2026-08-22T19:30:00+08:00,小2.50,大小球,1.98,-0.4001,,lose,-1.0,scan24h对账,-1.1
英乙,Bristol Rovers vs Newport County,2026-08-22T19:30:00+08:00,大2.50,大小球,1.87,0.16886131386861303,,win,0.87,scan24h对账,-1.1
英乙,Bristol Rovers vs Newport County,2026-08-22T19:30:00+08:00,1X2主胜,1X2,1.96,0.2626863817097418,,win,0.96,scan24h对账,-1.1
英乙,Bristol Rovers vs Newport County,2026-08-22T19:30:00+08:00,1X2平局,1X2,2.92,-0.6034,,lose,-1.0,scan24h对账,-1.1
英乙,Bristol Rovers vs Newport County,2026-08-22T19:30:00+08:00,1X2客胜,1X2,6.4,-0.6308,,lose,-1.0,scan24h对账,-1.1
英冠,Millwall vs Norwich City,2026-08-22T19:30:00+08:00,让球主(-0.2),让球,2.0,-0.4644,,win,1.0,scan24h对账,-1.2
英冠,Millwall vs Norwich City,2026-08-22T19:30:00+08:00,让球客(+0.2),让球,1.95,0.2513927003293086,,lose,-1.0,scan24h对账,-1.2
英冠,Millwall vs Norwich City,2026-08-22T19:30:00+08:00,小2.50,大小球,1.74,0.12452248458414794,,lose,-1.0,scan24h对账,-1.2
英冠,Millwall vs Norwich City,2026-08-22T19:30:00+08:00,大2.50,大小球,2.32,-0.227,,win,1.32,scan24h对账,-1.2
英冠,Millwall vs Norwich City,2026-08-22T19:30:00+08:00,1X2主胜,1X2,1.44,-0.5954,,win,0.44,scan24h对账,-1.2
英冠,Millwall vs Norwich City,2026-08-22T19:30:00+08:00,1X2平局,1X2,4.4,0.3889,,lose,-1.0,scan24h对账,-1.2
英冠,Millwall vs Norwich City,2026-08-22T19:30:00+08:00,1X2客胜,1X2,11.5,3.5403,,lose,-1.0,scan24h对账,-1.2
英冠,Lincoln City vs Portsmouth,2026-08-22T19:30:00+08:00,让球主(-0.2),让球,1.96,0.1737,1,lose,-1.0,scan24h对账,-2.1
英冠,Lincoln City vs Portsmouth,2026-08-22T19:30:00+08:00,让球客(+0.2),让球,1.93,-0.2789,,win,0.93,scan24h对账,-2.1
英冠,Lincoln City vs Portsmouth,2026-08-22T19:30:00+08:00,小2.50,大小球,1.88,-0.1303,,lose,-1.0,scan24h对账,-2.1
英冠,Lincoln City vs Portsmouth,2026-08-22T19:30:00+08:00,大2.50,大小球,2.06,0.0719,,win,1.06,scan24h对账,-2.1
英冠,Lincoln City vs Portsmouth,2026-08-22T19:30:00+08:00,1X2主胜,1X2,8.2,3.583,,lose,-1.0,scan24h对账,-2.1
英冠,Lincoln City vs Portsmouth,2026-08-22T19:30:00+08:00,1X2平局,1X2,3.7,-0.0741,,lose,-1.0,scan24h对账,-2.1
英冠,Lincoln City vs Portsmouth,2026-08-22T19:30:00+08:00,1X2客胜,1X2,1.64,-0.6902,,win,0.64,scan24h对账,-2.1
英冠,Birmingham City vs Bristol City,2026-08-22T19:30:00+08:00,让球主(-0.8),让球,2.02,0.005,,lose,-1.0,scan24h对账,-1.2
英冠,Birmingham City vs Bristol City,2026-08-22T19:30:00+08:00,让球客(+0.8),让球,1.88,-0.1047,,win,0.88,scan24h对账,-1.2
英冠,Birmingham City vs Bristol City,2026-08-22T19:30:00+08:00,小2.50,大小球,3.35,1.1441,,lose,-1.0,scan24h对账,-1.2
英冠,Birmingham City vs Bristol City,2026-08-22T19:30:00+08:00,大2.50,大小球,1.41,-0.5032,,win,0.41,scan24h对账,-1.2
英冠,Birmingham City vs Bristol City,2026-08-22T19:30:00+08:00,1X2主胜,1X2,2.52,0.1847,,lose,-1.0,scan24h对账,-1.2
英冠,Birmingham City vs Bristol City,2026-08-22T19:30:00+08:00,1X2平局,1X2,2.42,-0.2744,,win,1.42,scan24h对账,-1.2
英冠,Birmingham City vs Bristol City,2026-08-22T19:30:00+08:00,1X2客胜,1X2,5.0,0.1004,,lose,-1.0,scan24h对账,-1.2
英超,Hull City vs Manchester United,2026-08-22T19:30:00+08:00,让球主(+1.5),让球,1.91,0.236132031066133,,win,0.91,scan24h对账,-1.2
英超,Hull City vs Manchester United,2026-08-22T19:30:00+08:00,让球客(-1.5),让球,2.08,-0.6889,,lose,-1.0,scan24h对账,-1.2
英超,Hull City vs Manchester United,2026-08-22T19:30:00+08:00,小2.50,大小球,2.32,0.4928,,win,1.32,scan24h对账,-1.2
英超,Hull City vs Manchester United,2026-08-22T19:30:00+08:00,大2.50,大小球,1.73,-0.3987,,lose,-1.0,scan24h对账,-1.2
英超,Hull City vs Manchester United,2026-08-22T19:30:00+08:00,1X2主胜,1X2,9.8,2.2184,,win,8.8,scan24h对账,-1.2
英超,Hull City vs Manchester United,2026-08-22T19:30:00+08:00,1X2平局,1X2,5.2,0.5847,,lose,-1.0,scan24h对账,-1.2
英超,Hull City vs Manchester United,2026-08-22T19:30:00+08:00,1X2客胜,1X2,1.41,-0.4878,,lose,-1.0,scan24h对账,-1.2
中超,Shenzhen Peng City vs Zhejiang,2026-08-22T19:35:00+08:00,让球主(+0.0),让球,1.81,0.13613515958134115,,push,0.0,scan24h对账,18.0
中超,Shenzhen Peng City vs Zhejiang,2026-08-22T19:35:00+08:00,让球客(-0.0),让球,2.07,-0.5481,,push,0.0,scan24h对账,18.0
中超,Shenzhen Peng City vs Zhejiang,2026-08-22T19:35:00+08:00,小2.50,大小球,2.4,-0.3768,,win,1.4,scan24h对账,18.0
中超,Shenzhen Peng City vs Zhejiang,2026-08-22T19:35:00+08:00,大2.50,大小球,1.53,-0.07077274615704199,,lose,-1.0,scan24h对账,18.0
中超,Shenzhen Peng City vs Zhejiang,2026-08-22T19:35:00+08:00,1X2主胜,1X2,2.48,0.5095,,lose,-1.0,scan24h对账,18.0
中超,Shenzhen Peng City vs Zhejiang,2026-08-22T19:35:00+08:00,1X2平局,1X2,3.8,-0.2393,,win,2.8,scan24h对账,18.0
中超,Shenzhen Peng City vs Zhejiang,2026-08-22T19:35:00+08:00,1X2客胜,1X2,2.82,-0.5189,,lose,-1.0,scan24h对账,18.0
中超,Chengdu Rongcheng vs Shanghai Shenhua,2026-08-22T19:35:00+08:00,让球主(-0.5),让球,1.91,0.0882,,lose,-1.0,scan24h对账,18.0
中超,Chengdu Rongcheng vs Shanghai Shenhua,2026-08-22T19:35:00+08:00,让球客(+0.5),让球,1.93,-0.2469,,win,0.93,scan24h对账,18.0
中超,Chengdu Rongcheng vs Shanghai Shenhua,2026-08-22T19:35:00+08:00,小2.50,大小球,2.8,0.1847,,lose,-1.0,scan24h对账,18.0
中超,Chengdu Rongcheng vs Shanghai Shenhua,2026-08-22T19:35:00+08:00,大2.50,大小球,1.4,-0.2857,,win,0.4,scan24h对账,18.0
中超,Chengdu Rongcheng vs Shanghai Shenhua,2026-08-22T19:35:00+08:00,1X2主胜,1X2,1.85,-0.0224,,lose,-1.0,scan24h对账,18.0
中超,Chengdu Rongcheng vs Shanghai Shenhua,2026-08-22T19:35:00+08:00,1X2平局,1X2,4.4,0.0783,,lose,-1.0,scan24h对账,18.0
中超,Chengdu Rongcheng vs Shanghai Shenhua,2026-08-22T19:35:00+08:00,1X2客胜,1X2,3.9,-0.2089,,win,2.9,scan24h对账,18.0
法乙,Nantes vs Rodez AF,2026-08-22T20:00:00+08:00,让球主(-1.5),让球,1.93,-0.5975,,lose,-1.0,scan24h对账,-0.7
法乙,Nantes vs Rodez AF,2026-08-22T20:00:00+08:00,让球客(+1.5),让球,1.95,0.22945222929936304,,win,0.95,scan24h对账,-0.7
法乙,Nantes vs Rodez AF,2026-08-22T20:00:00+08:00,小2.50,大小球,1.96,-0.2526,,lose,-1.0,scan24h对账,-0.7
法乙,Nantes vs Rodez AF,2026-08-22T20:00:00+08:00,大2.50,大小球,1.89,0.0978,,win,0.89,scan24h对账,-0.7
法乙,Nantes vs Rodez AF,2026-08-22T20:00:00+08:00,1X2主胜,1X2,1.22,-0.5193,,lose,-1.0,scan24h对账,-0.7
法乙,Nantes vs Rodez AF,2026-08-22T20:00:00+08:00,1X2平局,1X2,6.6,0.7047,,lose,-1.0,scan24h对账,-0.7
法乙,Nantes vs Rodez AF,2026-08-22T20:00:00+08:00,1X2客胜,1X2,24.0,7.0391,,win,23.0,scan24h对账,-0.7
法乙,Metz vs Stade Lavallois,2026-08-22T20:00:00+08:00,让球主(-0.5),让球,1.93,-0.0346,,lose,-1.0,scan24h对账,-0.7
法乙,Metz vs Stade Lavallois,2026-08-22T20:00:00+08:00,让球客(+0.5),让球,1.94,-0.0935,,win,0.94,scan24h对账,-0.7
法乙,Metz vs Stade Lavallois,2026-08-22T20:00:00+08:00,小2.50,大小球,1.88,0.0468,,win,0.88,scan24h对账,-0.7
法乙,Metz vs Stade Lavallois,2026-08-22T20:00:00+08:00,大2.50,大小球,1.98,-0.193,,lose,-1.0,scan24h对账,-0.7
法乙,Metz vs Stade Lavallois,2026-08-22T20:00:00+08:00,1X2主胜,1X2,2.06,-0.0235,,lose,-1.0,scan24h对账,-0.7
法乙,Metz vs Stade Lavallois,2026-08-22T20:00:00+08:00,1X2平局,1X2,3.0,-0.1521,,win,2.0,scan24h对账,-0.7
法乙,Metz vs Stade Lavallois,2026-08-22T20:00:00+08:00,1X2客胜,1X2,5.2,0.2084,,lose,-1.0,scan24h对账,-0.7
中超,Qingdao West Coast vs Shandong Taishan,2026-08-22T20:00:00+08:00,让球主(+0.0),让球,1.88,0.1726962457337886,,win,0.88,scan24h对账,18.4
中超,Qingdao West Coast vs Shandong Taishan,2026-08-22T20:00:00+08:00,让球客(-0.0),让球,1.96,-0.5521,,lose,-1.0,scan24h对账,18.4
中超,Qingdao West Coast vs Shandong Taishan,2026-08-22T20:00:00+08:00,小2.50,大小球,2.28,0.3932,,win,1.28,scan24h对账,18.4
中超,Qingdao West Coast vs Shandong Taishan,2026-08-22T20:00:00+08:00,大2.50,大小球,1.68,-0.4016,,lose,-1.0,scan24h对账,18.4
中超,Qingdao West Coast vs Shandong Taishan,2026-08-22T20:00:00+08:00,1X2主胜,1X2,2.58,0.4603,,win,1.58,scan24h对账,18.4
中超,Qingdao West Coast vs Shandong Taishan,2026-08-22T20:00:00+08:00,1X2平局,1X2,3.65,-0.0334,,lose,-1.0,scan24h对账,18.4
中超,Qingdao West Coast vs Shandong Taishan,2026-08-22T20:00:00+08:00,1X2客胜,1X2,2.74,-0.6073,,lose,-1.0,scan24h对账,18.4
中超,Beijing Guoan vs Yunnan Yukun,2026-08-22T20:00:00+08:00,让球主(-1.2),让球,1.98,0.0676,,lose,-1.0,scan24h对账,18.4
中超,Beijing Guoan vs Yunnan Yukun,2026-08-22T20:00:00+08:00,让球客(+1.2),让球,1.89,-0.1915,,win,0.89,scan24h对账,18.4
中超,Beijing Guoan vs Yunnan Yukun,2026-08-22T20:00:00+08:00,小2.50,大小球,3.35,-0.3919,,lose,-1.0,scan24h对账,18.4
中超,Beijing Guoan vs Yunnan Yukun,2026-08-22T20:00:00+08:00,大2.50,大小球,1.28,-0.2294589552238806,,win,0.28,scan24h对账,18.4
中超,Beijing Guoan vs Yunnan Yukun,2026-08-22T20:00:00+08:00,1X2主胜,1X2,1.54,-0.018900804289544104,,lose,-1.0,scan24h对账,18.4
中超,Beijing Guoan vs Yunnan Yukun,2026-08-22T20:00:00+08:00,1X2平局,1X2,5.2,-0.0933,,win,4.2,scan24h对账,18.4
中超,Beijing Guoan vs Yunnan Yukun,2026-08-22T20:00:00+08:00,1X2客胜,1X2,5.6,-0.1726,,lose,-1.0,scan24h对账,18.4
瑞超,Örgryte IS vs Halmstads BK,2026-08-22T21:00:00+08:00,让球主(-0.5),让球,1.97,0.1787,1,lose,-1.0,scan24h对账,0.4
瑞超,Örgryte IS vs Halmstads BK,2026-08-22T21:00:00+08:00,让球客(+0.5),让球,2.02,-0.194,,win,1.02,scan24h对账,0.4
瑞超,Örgryte IS vs Halmstads BK,2026-08-22T21:00:00+08:00,小2.50,大小球,2.26,-0.1045,,win,1.26,scan24h对账,0.4
瑞超,Örgryte IS vs Halmstads BK,2026-08-22T21:00:00+08:00,大2.50,大小球,1.73,0.0098,,lose,-1.0,scan24h对账,0.4
瑞超,Örgryte IS vs Halmstads BK,2026-08-22T21:00:00+08:00,1X2主胜,1X2,1.97,0.0649,,lose,-1.0,scan24h对账,0.4
瑞超,Örgryte IS vs Halmstads BK,2026-08-22T21:00:00+08:00,1X2平局,1X2,3.95,-0.0536,,win,2.95,scan24h对账,0.4
瑞超,Örgryte IS vs Halmstads BK,2026-08-22T21:00:00+08:00,1X2客胜,1X2,4.0,-0.1633,,lose,-1.0,scan24h对账,0.4
英乙,Swindon Town vs Cheltenham Town,2026-08-22T22:00:00+08:00,让球主(-0.5),让球,1.98,0.26110957579107374,,win,0.98,scan24h对账,1.4
英乙,Swindon Town vs Cheltenham Town,2026-08-22T22:00:00+08:00,让球客(+0.5),让球,1.94,-0.4747,,lose,-1.0,scan24h对账,1.4
英乙,Swindon Town vs Cheltenham Town,2026-08-22T22:00:00+08:00,小2.50,大小球,1.98,-0.571,,lose,-1.0,scan24h对账,1.4
英乙,Swindon Town vs Cheltenham Town,2026-08-22T22:00:00+08:00,大2.50,大小球,1.97,0.26452728670253656,,win,0.97,scan24h对账,1.4
英乙,Swindon Town vs Cheltenham Town,2026-08-22T22:00:00+08:00,1X2主胜,1X2,2.0,0.28676110260336896,,win,1.0,scan24h对账,1.4
英乙,Swindon Town vs Cheltenham Town,2026-08-22T22:00:00+08:00,1X2平局,1X2,3.6,-0.3341,,lose,-1.0,scan24h对账,1.4
英乙,Swindon Town vs Cheltenham Town,2026-08-22T22:00:00+08:00,1X2客胜,1X2,4.3,-0.3187,,lose,-1.0,scan24h对账,1.4
英乙,Rotherham United vs York City,2026-08-22T22:00:00+08:00,让球主(+0.0),让球,1.91,-0.0007,,push,0.0,scan24h对账,1.4
英乙,Rotherham United vs York City,2026-08-22T22:00:00+08:00,让球客(-0.0),让球,1.98,-0.111,,push,0.0,scan24h对账,1.4
英乙,Rotherham United vs York City,2026-08-22T22:00:00+08:00,小2.50,大小球,2.0,0.0801,1,win,1.0,scan24h对账,1.4
英乙,Rotherham United vs York City,2026-08-22T22:00:00+08:00,大2.50,大小球,1.98,-0.0993,,lose,-1.0,scan24h对账,1.4
英乙,Rotherham United vs York City,2026-08-22T22:00:00+08:00,1X2主胜,1X2,2.64,0.0022,,lose,-1.0,scan24h对账,1.4
英乙,Rotherham United vs York City,2026-08-22T22:00:00+08:00,1X2平局,1X2,3.65,0.0412,,win,2.65,scan24h对账,1.4
英乙,Rotherham United vs York City,2026-08-22T22:00:00+08:00,1X2客胜,1X2,2.76,-0.116,,lose,-1.0,scan24h对账,1.4
英乙,Rochdale vs Crawley Town,2026-08-22T22:00:00+08:00,让球主(-0.5),让球,1.9,0.0356,,lose,-1.0,scan24h对账,1.4
英乙,Rochdale vs Crawley Town,2026-08-22T22:00:00+08:00,让球客(+0.5),让球,1.98,-0.1594,,win,0.98,scan24h对账,1.4
英乙,Rochdale vs Crawley Town,2026-08-22T22:00:00+08:00,小2.50,大小球,2.24,0.44402678435550147,,lose,-1.0,scan24h对账,1.4
英乙,Rochdale vs Crawley Town,2026-08-22T22:00:00+08:00,大2.50,大小球,1.78,-0.3946,,win,0.78,scan24h对账,1.4
英乙,Rochdale vs Crawley Town,2026-08-22T22:00:00+08:00,1X2主胜,1X2,1.94,-0.0072,,lose,-1.0,scan24h对账,1.4
英乙,Rochdale vs Crawley Town,2026-08-22T22:00:00+08:00,1X2平局,1X2,3.9,0.1386,,lose,-1.0,scan24h对账,1.4
英乙,Rochdale vs Crawley Town,2026-08-22T22:00:00+08:00,1X2客胜,1X2,4.2,-0.217,,win,3.2,scan24h对账,1.4
英乙,Fleetwood Town vs Gillingham,2026-08-22T22:00:00+08:00,让球主(-0.5),让球,1.94,0.0913,1,lose,-1.0,scan24h对账,1.4
英乙,Fleetwood Town vs Gillingham,2026-08-22T22:00:00+08:00,让球客(+0.5),让球,1.97,-0.1826,,win,0.97,scan24h对账,1.4
英乙,Fleetwood Town vs Gillingham,2026-08-22T22:00:00+08:00,小2.50,大小球,1.96,0.0048,,win,0.96,scan24h对账,1.4
英乙,Fleetwood Town vs Gillingham,2026-08-22T22:00:00+08:00,大2.50,大小球,2.0,-0.0455,,lose,-1.0,scan24h对账,1.4
英乙,Fleetwood Town vs Gillingham,2026-08-22T22:00:00+08:00,1X2主胜,1X2,1.98,0.0267,,lose,-1.0,scan24h对账,1.4
英乙,Fleetwood Town vs Gillingham,2026-08-22T22:00:00+08:00,1X2平局,1X2,3.75,-0.0212,,win,2.75,scan24h对账,1.4
英乙,Fleetwood Town vs Gillingham,2026-08-22T22:00:00+08:00,1X2客胜,1X2,4.1,-0.1592,,lose,-1.0,scan24h对账,1.4
英乙,Exeter City vs Accrington Stanley,2026-08-22T22:00:00+08:00,让球主(-0.5),让球,2.04,-0.021,,win,1.04,scan24h对账,1.4
英乙,Exeter City vs Accrington Stanley,2026-08-22T22:00:00+08:00,让球客(+0.5),让球,1.85,-0.093,,lose,-1.0,scan24h对账,1.4
英乙,Exeter City vs Accrington Stanley,2026-08-22T22:00:00+08:00,小2.50,大小球,1.91,0.2091,2,win,0.91,scan24h对账,1.4
英乙,Exeter City vs Accrington Stanley,2026-08-22T22:00:00+08:00,大2.50,大小球,2.06,-0.2624,,lose,-1.0,scan24h对账,1.4
英乙,Exeter City vs Accrington Stanley,2026-08-22T22:00:00+08:00,1X2主胜,1X2,2.08,-0.048,,win,1.08,scan24h对账,1.4
英乙,Exeter City vs Accrington Stanley,2026-08-22T22:00:00+08:00,1X2平局,1X2,3.6,0.0776,,lose,-1.0,scan24h对账,1.4
英乙,Exeter City vs Accrington Stanley,2026-08-22T22:00:00+08:00,1X2客胜,1X2,4.0,-0.062,,lose,-1.0,scan24h对账,1.4
英乙,Crewe Alexandra vs Northampton Town,2026-08-22T22:00:00+08:00,让球主(-0.2),让球,1.91,-0.1147,,win,0.91,scan24h对账,1.4
英乙,Crewe Alexandra vs Northampton Town,2026-08-22T22:00:00+08:00,让球客(+0.2),让球,1.96,-0.0125,,lose,-1.0,scan24h对账,1.4
英乙,Crewe Alexandra vs Northampton Town,2026-08-22T22:00:00+08:00,小2.50,大小球,1.92,0.0875,1,win,0.92,scan24h对账,1.4
英乙,Crewe Alexandra vs Northampton Town,2026-08-22T22:00:00+08:00,大2.50,大小球,2.04,-0.1378,,lose,-1.0,scan24h对账,1.4
英乙,Crewe Alexandra vs Northampton Town,2026-08-22T22:00:00+08:00,1X2主胜,1X2,2.26,0.0082,,win,1.26,scan24h对账,1.4
英乙,Crewe Alexandra vs Northampton Town,2026-08-22T22:00:00+08:00,1X2平局,1X2,3.65,0.0506,,lose,-1.0,scan24h对账,1.4
英乙,Crewe Alexandra vs Northampton Town,2026-08-22T22:00:00+08:00,1X2客胜,1X2,3.45,-0.1037,,lose,-1.0,scan24h对账,1.4
英乙,Colchester United vs Oldham Athletic,2026-08-22T22:00:00+08:00,让球主(+0.0),让球,1.97,0.23847982819450841,,win,0.97,scan24h对账,1.4
英乙,Colchester United vs Oldham Athletic,2026-08-22T22:00:00+08:00,让球客(-0.0),让球,1.9,-0.3603,,lose,-1.0,scan24h对账,1.4
英乙,Colchester United vs Oldham Athletic,2026-08-22T22:00:00+08:00,小2.50,大小球,1.96,-0.1407,,lose,-1.0,scan24h对账,1.4
英乙,Colchester United vs Oldham Athletic,2026-08-22T22:00:00+08:00,大2.50,大小球,1.99,0.0926,1,win,0.99,scan24h对账,1.4
英乙,Colchester United vs Oldham Athletic,2026-08-22T22:00:00+08:00,1X2主胜,1X2,2.82,0.3623,,win,1.82,scan24h对账,1.4
英乙,Colchester United vs Oldham Athletic,2026-08-22T22:00:00+08:00,1X2平局,1X2,3.5,-0.1056,,lose,-1.0,scan24h对账,1.4
英乙,Colchester United vs Oldham Athletic,2026-08-22T22:00:00+08:00,1X2客胜,1X2,2.66,-0.3473,,lose,-1.0,scan24h对账,1.4
英冠,Wrexham vs Watford,2026-08-22T22:00:00+08:00,让球主(-0.5),让球,1.91,0.1541,,lose,-1.0,scan24h对账,0.4
英冠,Wrexham vs Watford,2026-08-22T22:00:00+08:00,让球客(+0.5),让球,2.08,-0.1858,,win,1.08,scan24h对账,0.4
英冠,Wrexham vs Watford,2026-08-22T22:00:00+08:00,小2.50,大小球,2.06,-0.1992,,win,1.06,scan24h对账,0.4
英冠,Wrexham vs Watford,2026-08-22T22:00:00+08:00,大2.50,大小球,1.93,0.1728,1,lose,-1.0,scan24h对账,0.4
英冠,Wrexham vs Watford,2026-08-22T22:00:00+08:00,1X2主胜,1X2,1.9,0.0439,,lose,-1.0,scan24h对账,0.4
英冠,Wrexham vs Watford,2026-08-22T22:00:00+08:00,1X2平局,1X2,3.9,-0.0679,,win,2.9,scan24h对账,0.4
英冠,Wrexham vs Watford,2026-08-22T22:00:00+08:00,1X2客胜,1X2,4.5,-0.0701,,lose,-1.0,scan24h对账,0.4
英冠,West Ham United vs Charlton Athletic,2026-08-22T22:00:00+08:00,让球主(-1.2),让球,2.06,-0.2809,,lose,-1.0,scan24h对账,0.4
英冠,West Ham United vs Charlton Athletic,2026-08-22T22:00:00+08:00,让球客(+1.2),让球,1.91,0.2262,2,win,0.91,scan24h对账,0.4
英冠,West Ham United vs Charlton Athletic,2026-08-22T22:00:00+08:00,小2.50,大小球,2.27,0.3501,,lose,-1.0,scan24h对账,0.4
英冠,West Ham United vs Charlton Athletic,2026-08-22T22:00:00+08:00,大2.50,大小球,1.66,-0.3956,,win,0.66,scan24h对账,0.4
英冠,West Ham United vs Charlton Athletic,2026-08-22T22:00:00+08:00,1X2主胜,1X2,1.46,-0.1738,,lose,-1.0,scan24h对账,0.4
英冠,West Ham United vs Charlton Athletic,2026-08-22T22:00:00+08:00,1X2平局,1X2,5.1,0.3922,,lose,-1.0,scan24h对账,0.4
英冠,West Ham United vs Charlton Athletic,2026-08-22T22:00:00+08:00,1X2客胜,1X2,8.0,0.2414,,win,7.0,scan24h对账,0.4
英冠,Swansea City vs Sheffield United,2026-08-22T22:00:00+08:00,让球主(+0.0),让球,2.0,0.2215,,push,0.0,scan24h对账,0.4
英冠,Swansea City vs Sheffield United,2026-08-22T22:00:00+08:00,让球客(-0.0),让球,1.98,-0.2392,,push,0.0,scan24h对账,0.4
英冠,Swansea City vs Sheffield United,2026-08-22T22:00:00+08:00,小2.50,大小球,1.91,0.1866,1,win,0.91,scan24h对账,0.4
英冠,Swansea City vs Sheffield United,2026-08-22T22:00:00+08:00,大2.50,大小球,2.06,-0.2381,,lose,-1.0,scan24h对账,0.4
英冠,Swansea City vs Sheffield United,2026-08-22T22:00:00+08:00,1X2主胜,1X2,2.82,0.2372,,lose,-1.0,scan24h对账,0.4
英冠,Swansea City vs Sheffield United,2026-08-22T22:00:00+08:00,1X2平局,1X2,3.5,0.0661,,win,2.5,scan24h对账,0.4
英冠,Swansea City vs Sheffield United,2026-08-22T22:00:00+08:00,1X2客胜,1X2,2.78,-0.2865,,lose,-1.0,scan24h对账,0.4
英冠,Southampton vs Stoke City,2026-08-22T22:00:00+08:00,让球主(-0.8),让球,1.875,0.17230834272829765,1,win,0.875,scan24h对账,0.4
英冠,Southampton vs Stoke City,2026-08-22T22:00:00+08:00,让球客(+0.8),让球,1.975,-0.4484,,lose,-1.0,scan24h对账,0.4
英冠,Southampton vs Stoke City,2026-08-22T22:00:00+08:00,小2.50,大小球,2.32,0.372,,lose,-1.0,scan24h对账,0.4
英冠,Southampton vs Stoke City,2026-08-22T22:00:00+08:00,大2.50,大小球,1.74,-0.299,,win,0.74,scan24h对账,0.4
英冠,Southampton vs Stoke City,2026-08-22T22:00:00+08:00,1X2主胜,1X2,1.68,0.081,,win,0.68,scan24h对账,0.4
英冠,Southampton vs Stoke City,2026-08-22T22:00:00+08:00,1X2平局,1X2,4.6,0.1239,,lose,-1.0,scan24h对账,0.4
英冠,Southampton vs Stoke City,2026-08-22T22:00:00+08:00,1X2客胜,1X2,5.3,-0.4121,,lose,-1.0,scan24h对账,0.4
英冠,Queens Park Rangers vs Bolton Wanderers,2026-08-22T22:00:00+08:00,让球主(-0.5),让球,1.94,-0.2585,,lose,-1.0,scan24h对账,0.4
英冠,Queens Park Rangers vs Bolton Wanderers,2026-08-22T22:00:00+08:00,让球客(+0.5),让球,2.06,0.2708,2,win,1.06,scan24h对账,0.4
英冠,Queens Park Rangers vs Bolton Wanderers,2026-08-22T22:00:00+08:00,小2.50,大小球,2.06,-0.1037,,win,1.06,scan24h对账,0.4
英冠,Queens Park Rangers vs Bolton Wanderers,2026-08-22T22:00:00+08:00,大2.50,大小球,1.92,0.0727,,lose,-1.0,scan24h对账,0.4
英冠,Queens Park Rangers vs Bolton Wanderers,2026-08-22T22:00:00+08:00,1X2主胜,1X2,1.94,-0.2796,,lose,-1.0,scan24h对账,0.4
英冠,Queens Park Rangers vs Bolton Wanderers,2026-08-22T22:00:00+08:00,1X2平局,1X2,3.9,0.0548,,win,2.9,scan24h对账,0.4
英冠,Queens Park Rangers vs Bolton Wanderers,2026-08-22T22:00:00+08:00,1X2客胜,1X2,4.3,0.5212,,lose,-1.0,scan24h对账,0.4
英冠,Preston North End vs Wolverhampton,2026-08-22T22:00:00+08:00,让球主(+0.5),让球,1.89,0.1301,1,lose,-1.0,scan24h对账,0.4
英冠,Preston North End vs Wolverhampton,2026-08-22T22:00:00+08:00,让球客(-0.5),让球,2.1,-0.1667,,win,1.1,scan24h对账,0.4
英冠,Preston North End vs Wolverhampton,2026-08-22T22:00:00+08:00,小2.50,大小球,2.02,0.1033,,lose,-1.0,scan24h对账,0.4
英冠,Preston North End vs Wolverhampton,2026-08-22T22:00:00+08:00,大2.50,大小球,1.96,-0.1207,,win,0.96,scan24h对账,0.4
英冠,Preston North End vs Wolverhampton,2026-08-22T22:00:00+08:00,1X2主胜,1X2,3.9,0.2462,,lose,-1.0,scan24h对账,0.4
英冠,Preston North End vs Wolverhampton,2026-08-22T22:00:00+08:00,1X2平局,1X2,3.65,0.062,,lose,-1.0,scan24h对账,0.4
英冠,Preston North End vs Wolverhampton,2026-08-22T22:00:00+08:00,1X2客胜,1X2,2.1,-0.1958,,win,1.1,scan24h对账,0.4
英冠,Derby County vs Cardiff City,2026-08-22T22:00:00+08:00,让球主(-0.2),让球,1.92,-0.2927,,lose,-1.0,scan24h对账,0.4
英冠,Derby County vs Cardiff City,2026-08-22T22:00:00+08:00,让球客(+0.2),让球,2.06,0.2883,2,half,0.53,scan24h对账,0.4
英冠,Derby County vs Cardiff City,2026-08-22T22:00:00+08:00,小2.50,大小球,2.08,-0.1717,,lose,-1.0,scan24h对账,0.4
英冠,Derby County vs Cardiff City,2026-08-22T22:00:00+08:00,大2.50,大小球,1.9,0.13,,win,0.9,scan24h对账,0.4
英冠,Derby County vs Cardiff City,2026-08-22T22:00:00+08:00,1X2主胜,1X2,2.06,-0.2529,,lose,-1.0,scan24h对账,0.4
英冠,Derby County vs Cardiff City,2026-08-22T22:00:00+08:00,1X2平局,1X2,3.65,-0.0362,,win,2.65,scan24h对账,0.4
英冠,Derby County vs Cardiff City,2026-08-22T22:00:00+08:00,1X2客胜,1X2,4.1,0.5168,,lose,-1.0,scan24h对账,0.4
英冠,Blackburn Rovers vs Middlesbrough,2026-08-22T22:00:00+08:00,让球主(+0.5),让球,1.95,0.1988,1,win,0.95,scan24h对账,0.4
英冠,Blackburn Rovers vs Middlesbrough,2026-08-22T22:00:00+08:00,让球客(-0.5),让球,2.02,-0.2376,,lose,-1.0,scan24h对账,0.4
英冠,Blackburn Rovers vs Middlesbrough,2026-08-22T22:00:00+08:00,小2.50,大小球,2.08,0.3461599652878218,,lose,-1.0,scan24h对账,0.4
英冠,Blackburn Rovers vs Middlesbrough,2026-08-22T22:00:00+08:00,大2.50,大小球,1.91,-0.4131,,win,0.91,scan24h对账,0.4
英冠,Blackburn Rovers vs Middlesbrough,2026-08-22T22:00:00+08:00,1X2主胜,1X2,4.0,0.1944,,win,3.0,scan24h对账,0.4
英冠,Blackburn Rovers vs Middlesbrough,2026-08-22T22:00:00+08:00,1X2平局,1X2,3.7,0.1991,,lose,-1.0,scan24h对账,0.4
英冠,Blackburn Rovers vs Middlesbrough,2026-08-22T22:00:00+08:00,1X2客胜,1X2,2.04,-0.2514,,lose,-1.0,scan24h对账,0.4
比甲,SV Zulte Waregem vs SK Beveren,2026-08-22T22:00:00+08:00,让球主(-0.5),让球,2.08,0.327565445026178,,win,1.08,scan24h对账,1.3
比甲,SV Zulte Waregem vs SK Beveren,2026-08-22T22:00:00+08:00,让球客(+0.5),让球,1.86,-0.569,,lose,-1.0,scan24h对账,1.3
比甲,SV Zulte Waregem vs SK Beveren,2026-08-22T22:00:00+08:00,小2.50,大小球,2.2,-0.7917,,lose,-1.0,scan24h对账,1.3
比甲,SV Zulte Waregem vs SK Beveren,2026-08-22T22:00:00+08:00,大2.50,大小球,1.78,0.13839898207568035,,win,0.78,scan24h对账,1.3
比甲,SV Zulte Waregem vs SK Beveren,2026-08-22T22:00:00+08:00,1X2主胜,1X2,2.1,0.3424731961750218,,win,1.1,scan24h对账,1.3
比甲,SV Zulte Waregem vs SK Beveren,2026-08-22T22:00:00+08:00,1X2平局,1X2,3.65,-0.4348,,lose,-1.0,scan24h对账,1.3
比甲,SV Zulte Waregem vs SK Beveren,2026-08-22T22:00:00+08:00,1X2客胜,1X2,3.75,-0.4383,,lose,-1.0,scan24h对账,1.3
英超,Nottingham Forest vs Leeds United,2026-08-22T22:00:00+08:00,让球主(-0.2),让球,2.08,-0.0611,,lose,-1.0,scan24h对账,1.3
英超,Nottingham Forest vs Leeds United,2026-08-22T22:00:00+08:00,让球客(+0.2),让球,1.91,0.0396,,win,0.91,scan24h对账,1.3
英超,Nottingham Forest vs Leeds United,2026-08-22T22:00:00+08:00,小2.50,大小球,1.83,0.18341778903853845,,win,0.83,scan24h对账,1.3
英超,Nottingham Forest vs Leeds United,2026-08-22T22:00:00+08:00,大2.50,大小球,2.18,-0.4576,,lose,-1.0,scan24h对账,1.3
英超,Nottingham Forest vs Leeds United,2026-08-22T22:00:00+08:00,1X2主胜,1X2,2.4,0.0244,,lose,-1.0,scan24h对账,1.3
英超,Nottingham Forest vs Leeds United,2026-08-22T22:00:00+08:00,1X2平局,1X2,3.5,0.1475,,lose,-1.0,scan24h对账,1.3
英超,Nottingham Forest vs Leeds United,2026-08-22T22:00:00+08:00,1X2客胜,1X2,3.3,-0.2082,,win,2.3,scan24h对账,1.3
英超,Ipswich Town vs Sunderland,2026-08-22T22:00:00+08:00,让球主(+0.0),让球,2.02,0.3060559006211181,,win,1.02,scan24h对账,1.3
英超,Ipswich Town vs Sunderland,2026-08-22T22:00:00+08:00,让球客(-0.0),让球,1.96,-0.6197,,lose,-1.0,scan24h对账,1.3
英超,Ipswich Town vs Sunderland,2026-08-22T22:00:00+08:00,小2.50,大小球,1.79,0.0794,,lose,-1.0,scan24h对账,1.3
英超,Ipswich Town vs Sunderland,2026-08-22T22:00:00+08:00,大2.50,大小球,2.24,-0.1221,,win,1.24,scan24h对账,1.3
英超,Ipswich Town vs Sunderland,2026-08-22T22:00:00+08:00,1X2主胜,1X2,2.88,0.8245,,win,1.88,scan24h对账,1.3
英超,Ipswich Town vs Sunderland,2026-08-22T22:00:00+08:00,1X2平局,1X2,3.4,-0.1727,,lose,-1.0,scan24h对账,1.3
英超,Ipswich Town vs Sunderland,2026-08-22T22:00:00+08:00,1X2客胜,1X2,2.78,-0.6605,,lose,-1.0,scan24h对账,1.3
英乙,Shrewsbury Town vs Barnet,2026-08-22T22:00:00+08:00,让球主(+0.5),让球,1.87,-0.0333,,lose,-1.0,scan24h对账,1.4
英乙,Shrewsbury Town vs Barnet,2026-08-22T22:00:00+08:00,让球客(-0.5),让球,2.08,-0.0271,,win,1.08,scan24h对账,1.4
英乙,Shrewsbury Town vs Barnet,2026-08-22T22:00:00+08:00,小2.50,大小球,1.93,-0.0538,,lose,-1.0,scan24h对账,1.4
英乙,Shrewsbury Town vs Barnet,2026-08-22T22:00:00+08:00,大2.50,大小球,2.02,0.0034,,win,1.02,scan24h对账,1.4
英乙,Shrewsbury Town vs Barnet,2026-08-22T22:00:00+08:00,1X2主胜,1X2,3.95,0.0896,,lose,-1.0,scan24h对账,1.4
英乙,Shrewsbury Town vs Barnet,2026-08-22T22:00:00+08:00,1X2平局,1X2,3.55,-0.0324,,lose,-1.0,scan24h对账,1.4
英乙,Shrewsbury Town vs Barnet,2026-08-22T22:00:00+08:00,1X2客胜,1X2,2.1,-0.0746,,win,1.1,scan24h对账,1.4
英乙,Port Vale vs Tranmere Rovers,2026-08-22T22:00:00+08:00,让球主(-0.5),让球,2.0,0.2612,1,lose,-1.0,scan24h对账,1.4
英乙,Port Vale vs Tranmere Rovers,2026-08-22T22:00:00+08:00,让球客(+0.5),让球,1.9,-0.3469,,win,0.9,scan24h对账,1.4
英乙,Port Vale vs Tranmere Rovers,2026-08-22T22:00:00+08:00,小2.50,大小球,1.76,-0.2422,,win,0.76,scan24h对账,1.4
英乙,Port Vale vs Tranmere Rovers,2026-08-22T22:00:00+08:00,大2.50,大小球,2.24,0.2433,,lose,-1.0,scan24h对账,1.4
英乙,Port Vale vs Tranmere Rovers,2026-08-22T22:00:00+08:00,1X2主胜,1X2,2.04,0.1815,,lose,-1.0,scan24h对账,1.4
英乙,Port Vale vs Tranmere Rovers,2026-08-22T22:00:00+08:00,1X2平局,1X2,3.45,-0.1932,,win,2.45,scan24h对账,1.4
英乙,Port Vale vs Tranmere Rovers,2026-08-22T22:00:00+08:00,1X2客胜,1X2,4.3,-0.2497,,lose,-1.0,scan24h对账,1.4
英超,Everton vs Crystal Palace,2026-08-22T22:00:00+08:00,让球主(-0.2),让球,2.02,-0.1214,,win,1.02,scan24h对账,1.3
英超,Everton vs Crystal Palace,2026-08-22T22:00:00+08:00,让球客(+0.2),让球,1.95,0.0866,,lose,-1.0,scan24h对账,1.3
英超,Everton vs Crystal Palace,2026-08-22T22:00:00+08:00,小2.50,大小球,1.92,0.208,2,win,0.92,scan24h对账,1.3
英超,Everton vs Crystal Palace,2026-08-22T22:00:00+08:00,大2.50,大小球,2.06,-0.2489,,lose,-1.0,scan24h对账,1.3
英超,Everton vs Crystal Palace,2026-08-22T22:00:00+08:00,1X2主胜,1X2,2.26,-0.0603,,win,1.26,scan24h对账,1.3
英超,Everton vs Crystal Palace,2026-08-22T22:00:00+08:00,1X2平局,1X2,3.55,0.058,,lose,-1.0,scan24h对账,1.3
英超,Everton vs Crystal Palace,2026-08-22T22:00:00+08:00,1X2客胜,1X2,3.6,0.0232,,lose,-1.0,scan24h对账,1.3
葡超,CS Marítimo vs Académico Viseu FC,2026-08-22T22:30:00+08:00,让球主(-0.5),让球,2.1,0.0181,,lose,-1.0,scan24h对账,1.8
葡超,CS Marítimo vs Académico Viseu FC,2026-08-22T22:30:00+08:00,让球客(+0.5),让球,1.87,-0.0568,,win,0.87,scan24h对账,1.8
葡超,CS Marítimo vs Académico Viseu FC,2026-08-22T22:30:00+08:00,小2.50,大小球,1.71,-0.1182,,lose,-1.0,scan24h对账,1.8
葡超,CS Marítimo vs Académico Viseu FC,2026-08-22T22:30:00+08:00,大2.50,大小球,2.38,0.1409,1,win,1.38,scan24h对账,1.8
葡超,CS Marítimo vs Académico Viseu FC,2026-08-22T22:30:00+08:00,1X2主胜,1X2,2.12,-0.0393,,lose,-1.0,scan24h对账,1.8
葡超,CS Marítimo vs Académico Viseu FC,2026-08-22T22:30:00+08:00,1X2平局,1X2,3.4,-0.0579,,win,2.4,scan24h对账,1.8
葡超,CS Marítimo vs Académico Viseu FC,2026-08-22T22:30:00+08:00,1X2客胜,1X2,4.1,0.0665,,lose,-1.0,scan24h对账,1.8
荷甲,Fortuna Sittard vs AZ Alkmaar,2026-08-22T22:30:00+08:00,让球主(+1.0),让球,1.87,0.18029367366543148,,lose,-1.0,scan24h对账,1.8
荷甲,Fortuna Sittard vs AZ Alkmaar,2026-08-22T22:30:00+08:00,让球客(-1.0),让球,2.02,-0.4678,,win,1.02,scan24h对账,1.8
荷甲,Fortuna Sittard vs AZ Alkmaar,2026-08-22T22:30:00+08:00,小2.50,大小球,2.62,0.6036447638603699,,win,1.62,scan24h对账,1.8
荷甲,Fortuna Sittard vs AZ Alkmaar,2026-08-22T22:30:00+08:00,大2.50,大小球,1.47,-0.5595,,lose,-1.0,scan24h对账,1.8
荷甲,Fortuna Sittard vs AZ Alkmaar,2026-08-22T22:30:00+08:00,1X2主胜,1X2,5.2,0.6004,,lose,-1.0,scan24h对账,1.8
荷甲,Fortuna Sittard vs AZ Alkmaar,2026-08-22T22:30:00+08:00,1X2平局,1X2,4.3,0.3416,,lose,-1.0,scan24h对账,1.8
荷甲,Fortuna Sittard vs AZ Alkmaar,2026-08-22T22:30:00+08:00,1X2客胜,1X2,1.72,-0.3567,,win,0.72,scan24h对账,1.8
西乙,Real Oviedo vs Leganés,2026-08-22T23:00:00+08:00,让球主(-0.5),让球,1.88,-0.167,,lose,-1.0,scan24h对账,2.3
西乙,Real Oviedo vs Leganés,2026-08-22T23:00:00+08:00,让球客(+0.5),让球,2.12,0.173,1,win,1.12,scan24h对账,2.3
西乙,Real Oviedo vs Leganés,2026-08-22T23:00:00+08:00,小2.50,大小球,1.63,0.016141640415354264,,win,0.63,scan24h对账,2.3
西乙,Real Oviedo vs Leganés,2026-08-22T23:00:00+08:00,大2.50,大小球,2.33,-0.6808,,lose,-1.0,scan24h对账,2.3
西乙,Real Oviedo vs Leganés,2026-08-22T23:00:00+08:00,1X2主胜,1X2,1.88,-0.2072,,lose,-1.0,scan24h对账,2.3
西乙,Real Oviedo vs Leganés,2026-08-22T23:00:00+08:00,1X2平局,1X2,3.4,0.2936,,lose,-1.0,scan24h对账,2.3
西乙,Real Oviedo vs Leganés,2026-08-22T23:00:00+08:00,1X2客胜,1X2,5.5,0.0454,,win,4.5,scan24h对账,2.3
西甲,Athletic Club vs Sevilla,2026-08-22T23:00:00+08:00,让球主(-0.8),让球,2.02,-0.0197,,lose,-1.0,scan24h对账,2.3
西甲,Athletic Club vs Sevilla,2026-08-22T23:00:00+08:00,让球客(+0.8),让球,1.95,-0.0116,,win,0.95,scan24h对账,2.3
西甲,Athletic Club vs Sevilla,2026-08-22T23:00:00+08:00,小2.50,大小球,1.73,-0.1072,,lose,-1.0,scan24h对账,2.3
西甲,Athletic Club vs Sevilla,2026-08-22T23:00:00+08:00,大2.50,大小球,2.28,0.0661,1,win,1.28,scan24h对账,2.3
西甲,Athletic Club vs Sevilla,2026-08-22T23:00:00+08:00,1X2主胜,1X2,1.78,-0.1877,,lose,-1.0,scan24h对账,2.3
西甲,Athletic Club vs Sevilla,2026-08-22T23:00:00+08:00,1X2平局,1X2,3.75,0.0178,,lose,-1.0,scan24h对账,2.3
西甲,Athletic Club vs Sevilla,2026-08-22T23:00:00+08:00,1X2客胜,1X2,5.8,0.5738,,win,4.8,scan24h对账,2.3
法甲,RC Lens vs Auxerre,2026-08-22T23:15:00+08:00,让球主(-1.0),让球,1.94,0.22954636692091523,,win,0.94,scan24h对账,2.5
法甲,RC Lens vs Auxerre,2026-08-22T23:15:00+08:00,让球客(+1.0),让球,1.96,-0.5172,,lose,-1.0,scan24h对账,2.5
法甲,RC Lens vs Auxerre,2026-08-22T23:15:00+08:00,小2.50,大小球,2.38,-0.3583,,lose,-1.0,scan24h对账,2.5
法甲,RC Lens vs Auxerre,2026-08-22T23:15:00+08:00,大2.50,大小球,1.68,0.07542687964748018,,win,0.68,scan24h对账,2.5
法甲,RC Lens vs Auxerre,2026-08-22T23:15:00+08:00,1X2主胜,1X2,1.54,-0.003991101805809971,,win,0.54,scan24h对账,2.5
法甲,RC Lens vs Auxerre,2026-08-22T23:15:00+08:00,1X2平局,1X2,4.7,-0.2858,,lose,-1.0,scan24h对账,2.5
法甲,RC Lens vs Auxerre,2026-08-22T23:15:00+08:00,1X2客胜,1X2,7.0,-0.4211,,lose,-1.0,scan24h对账,2.5
土超,Çorum FK vs Kasımpaşa,2026-08-23T00:00:00+08:00,让球主(-0.2),让球,1.99,0.0203,,lose,-1.0,scan24h对账,3.3
土超,Çorum FK vs Kasımpaşa,2026-08-23T00:00:00+08:00,让球客(+0.2),让球,1.89,-0.1369,,win,0.89,scan24h对账,3.3
土超,Çorum FK vs Kasımpaşa,2026-08-23T00:00:00+08:00,小2.50,大小球,2.02,-0.0934,,win,1.02,scan24h对账,3.3
土超,Çorum FK vs Kasımpaşa,2026-08-23T00:00:00+08:00,大2.50,大小球,1.94,0.0491,,lose,-1.0,scan24h对账,3.3
土超,Çorum FK vs Kasımpaşa,2026-08-23T00:00:00+08:00,1X2主胜,1X2,2.1,0.0158,,lose,-1.0,scan24h对账,3.3
土超,Çorum FK vs Kasımpaşa,2026-08-23T00:00:00+08:00,1X2平局,1X2,3.65,-0.0542,,lose,-1.0,scan24h对账,3.3
土超,Çorum FK vs Kasımpaşa,2026-08-23T00:00:00+08:00,1X2客胜,1X2,3.85,-0.0477,,win,2.85,scan24h对账,3.3
土超,Çaykur Rizespor vs Samsunspor,2026-08-23T00:00:00+08:00,让球主(-0.2),让球,1.87,0.18301366263794017,,lose,-1.0,scan24h对账,3.3
土超,Çaykur Rizespor vs Samsunspor,2026-08-23T00:00:00+08:00,让球客(+0.2),让球,2.03,-0.5281,,win,1.03,scan24h对账,3.3
土超,Çaykur Rizespor vs Samsunspor,2026-08-23T00:00:00+08:00,小2.50,大小球,2.1,-0.5425,,win,1.1,scan24h对账,3.3
土超,Çaykur Rizespor vs Samsunspor,2026-08-23T00:00:00+08:00,大2.50,大小球,1.88,0.2121283956945157,,lose,-1.0,scan24h对账,3.3
土超,Çaykur Rizespor vs Samsunspor,2026-08-23T00:00:00+08:00,1X2主胜,1X2,2.14,0.3836240732664631,,lose,-1.0,scan24h对账,3.3
土超,Çaykur Rizespor vs Samsunspor,2026-08-23T00:00:00+08:00,1X2平局,1X2,3.55,-0.3805,,lose,-1.0,scan24h对账,3.3
土超,Çaykur Rizespor vs Samsunspor,2026-08-23T00:00:00+08:00,1X2客胜,1X2,3.9,-0.4701,,win,2.9,scan24h对账,3.3
比甲,RC Sporting Charleroi vs KV Mechelen,2026-08-23T00:15:00+08:00,让球主(-0.8),让球,1.88,0.1453,1,win,0.88,scan24h对账,3.6
比甲,RC Sporting Charleroi vs KV Mechelen,2026-08-23T00:15:00+08:00,让球客(+0.8),让球,2.03,-0.2552,,lose,-1.0,scan24h对账,3.6
比甲,RC Sporting Charleroi vs KV Mechelen,2026-08-23T00:15:00+08:00,小2.50,大小球,2.18,0.1353,,win,1.18,scan24h对账,3.6
比甲,RC Sporting Charleroi vs KV Mechelen,2026-08-23T00:15:00+08:00,大2.50,大小球,1.8,-0.1628,,lose,-1.0,scan24h对账,3.6
比甲,RC Sporting Charleroi vs KV Mechelen,2026-08-23T00:15:00+08:00,1X2主胜,1X2,1.71,-0.0428,,win,0.71,scan24h对账,3.6
比甲,RC Sporting Charleroi vs KV Mechelen,2026-08-23T00:15:00+08:00,1X2平局,1X2,4.1,0.0441,,lose,-1.0,scan24h对账,3.6
比甲,RC Sporting Charleroi vs KV Mechelen,2026-08-23T00:15:00+08:00,1X2客胜,1X2,5.4,-0.0717,,lose,-1.0,scan24h对账,3.6
意甲,Udinese vs Como,2026-08-23T00:30:00+08:00,让球主(+0.5),让球,2.12,0.2098,,win,1.12,scan24h对账,3.8
意甲,Udinese vs Como,2026-08-23T00:30:00+08:00,让球客(-0.5),让球,1.87,-0.2092,,lose,-1.0,scan24h对账,3.8
意甲,Udinese vs Como,2026-08-23T00:30:00+08:00,小2.50,大小球,1.79,0.14590876692801147,1,win,0.79,scan24h对账,3.8
意甲,Udinese vs Como,2026-08-23T00:30:00+08:00,大2.50,大小球,2.19,-0.356,,lose,-1.0,scan24h对账,3.8
意甲,Udinese vs Como,2026-08-23T00:30:00+08:00,1X2主胜,1X2,5.1,0.3285,,lose,-1.0,scan24h对账,3.8
意甲,Udinese vs Como,2026-08-23T00:30:00+08:00,1X2平局,1X2,3.65,0.2035,,win,2.65,scan24h对账,3.8
意甲,Udinese vs Como,2026-08-23T00:30:00+08:00,1X2客胜,1X2,1.87,-0.2427,,lose,-1.0,scan24h对账,3.8
意甲,Inter vs Monza,2026-08-23T00:30:00+08:00,让球主(-2.0),让球,1.93,0.1177,1,win,0.93,scan24h对账,3.8
意甲,Inter vs Monza,2026-08-23T00:30:00+08:00,让球客(+2.0),让球,2.02,-0.1761,,lose,-1.0,scan24h对账,3.8
意甲,Inter vs Monza,2026-08-23T00:30:00+08:00,小2.50,大小球,2.46,-0.1989,,lose,-1.0,scan24h对账,3.8
意甲,Inter vs Monza,2026-08-23T00:30:00+08:00,大2.50,大小球,1.64,0.04887909131669388,,win,0.64,scan24h对账,3.8
意甲,Inter vs Monza,2026-08-23T00:30:00+08:00,1X2主胜,1X2,1.2,-0.2240892701728212,,win,0.2,scan24h对账,3.8
意甲,Inter vs Monza,2026-08-23T00:30:00+08:00,1X2平局,1X2,8.2,0.1521,,lose,-1.0,scan24h对账,3.8
意甲,Inter vs Monza,2026-08-23T00:30:00+08:00,1X2客胜,1X2,20.0,0.0827,,lose,-1.0,scan24h对账,3.8
英超,Brentford vs Tottenham Hotspur,2026-08-23T00:30:00+08:00,让球主(-0.2),让球,1.91,0.0586,1,win,0.91,scan24h对账,3.8
英超,Brentford vs Tottenham Hotspur,2026-08-23T00:30:00+08:00,让球客(+0.2),让球,2.06,-0.1001,,lose,-1.0,scan24h对账,3.8
英超,Brentford vs Tottenham Hotspur,2026-08-23T00:30:00+08:00,小2.50,大小球,2.28,0.1168,,lose,-1.0,scan24h对账,3.8
英超,Brentford vs Tottenham Hotspur,2026-08-23T00:30:00+08:00,大2.50,大小球,1.76,-0.114,,win,0.76,scan24h对账,3.8
英超,Brentford vs Tottenham Hotspur,2026-08-23T00:30:00+08:00,1X2主胜,1X2,2.2,0.124,,win,1.2,scan24h对账,3.8
英超,Brentford vs Tottenham Hotspur,2026-08-23T00:30:00+08:00,1X2平局,1X2,3.85,-0.0153,,lose,-1.0,scan24h对账,3.8
英超,Brentford vs Tottenham Hotspur,2026-08-23T00:30:00+08:00,1X2客胜,1X2,3.45,-0.2093,,lose,-1.0,scan24h对账,3.8
荷甲,Sparta Rotterdam vs FC Utrecht,2026-08-23T00:45:00+08:00,让球主(+0.0),让球,1.96,-0.0187,,push,0.0,scan24h对账,4.1
荷甲,Sparta Rotterdam vs FC Utrecht,2026-08-23T00:45:00+08:00,让球客(-0.0),让球,1.98,-0.0411,,push,0.0,scan24h对账,4.1
荷甲,Sparta Rotterdam vs FC Utrecht,2026-08-23T00:45:00+08:00,小2.50,大小球,2.24,0.2628,2,lose,-1.0,scan24h对账,4.1
荷甲,Sparta Rotterdam vs FC Utrecht,2026-08-23T00:45:00+08:00,大2.50,大小球,1.77,-0.2478,,win,0.77,scan24h对账,4.1
荷甲,Sparta Rotterdam vs FC Utrecht,2026-08-23T00:45:00+08:00,1X2主胜,1X2,2.72,-0.0197,,lose,-1.0,scan24h对账,4.1
荷甲,Sparta Rotterdam vs FC Utrecht,2026-08-23T00:45:00+08:00,1X2平局,1X2,3.65,0.0427,,win,2.65,scan24h对账,4.1
荷甲,Sparta Rotterdam vs FC Utrecht,2026-08-23T00:45:00+08:00,1X2客胜,1X2,2.74,-0.0481,,lose,-1.0,scan24h对账,4.1
葡超,Estoril Praia vs Rio Ave,2026-08-23T01:00:00+08:00,让球主(-0.5),让球,1.94,0.0892,1,lose,-1.0,scan24h对账,4.3
葡超,Estoril Praia vs Rio Ave,2026-08-23T01:00:00+08:00,让球客(+0.5),让球,1.88,-0.2606,,win,0.88,scan24h对账,4.3
葡超,Estoril Praia vs Rio Ave,2026-08-23T01:00:00+08:00,小2.50,大小球,2.04,0.0611,,win,1.04,scan24h对账,4.3
葡超,Estoril Praia vs Rio Ave,2026-08-23T01:00:00+08:00,大2.50,大小球,1.92,-0.0997,,lose,-1.0,scan24h对账,4.3
葡超,Estoril Praia vs Rio Ave,2026-08-23T01:00:00+08:00,1X2主胜,1X2,2.12,0.1364,,lose,-1.0,scan24h对账,4.3
葡超,Estoril Praia vs Rio Ave,2026-08-23T01:00:00+08:00,1X2平局,1X2,3.65,-0.0322,,lose,-1.0,scan24h对账,4.3
葡超,Estoril Praia vs Rio Ave,2026-08-23T01:00:00+08:00,1X2客胜,1X2,3.9,-0.2327,,win,2.9,scan24h对账,4.3
西乙,Albacete Balompié vs Real Sociedad B,2026-08-23T01:00:00+08:00,让球主(-0.8),让球,2.06,0.2112,3,lose,-1.0,scan24h对账,4.3
西乙,Albacete Balompié vs Real Sociedad B,2026-08-23T01:00:00+08:00,让球客(+0.8),让球,1.88,-0.2575,,win,0.88,scan24h对账,4.3
西乙,Albacete Balompié vs Real Sociedad B,2026-08-23T01:00:00+08:00,小2.50,大小球,2.04,-0.0797,,lose,-1.0,scan24h对账,4.3
西乙,Albacete Balompié vs Real Sociedad B,2026-08-23T01:00:00+08:00,大2.50,大小球,1.94,0.0539,,win,0.94,scan24h对账,4.3
西乙,Albacete Balompié vs Real Sociedad B,2026-08-23T01:00:00+08:00,1X2主胜,1X2,1.83,-0.0167,,lose,-1.0,scan24h对账,4.3
西乙,Albacete Balompié vs Real Sociedad B,2026-08-23T01:00:00+08:00,1X2平局,1X2,3.85,-0.0507,,lose,-1.0,scan24h对账,4.3
西乙,Albacete Balompié vs Real Sociedad B,2026-08-23T01:00:00+08:00,1X2客胜,1X2,4.8,-0.0313,,win,3.8,scan24h对账,4.3
西乙,AD Ceuta vs UD Las Palmas,2026-08-23T01:00:00+08:00,让球主(+0.2),让球,1.93,0.19792551685075033,,lose,-1.0,scan24h对账,4.3
西乙,AD Ceuta vs UD Las Palmas,2026-08-23T01:00:00+08:00,让球客(-0.2),让球,1.89,-0.4698,,win,0.89,scan24h对账,4.3
西乙,AD Ceuta vs UD Las Palmas,2026-08-23T01:00:00+08:00,小2.50,大小球,2.04,0.2588,,win,1.04,scan24h对账,4.3
西乙,AD Ceuta vs UD Las Palmas,2026-08-23T01:00:00+08:00,大2.50,大小球,1.94,-0.2681,,lose,-1.0,scan24h对账,4.3
西乙,AD Ceuta vs UD Las Palmas,2026-08-23T01:00:00+08:00,1X2主胜,1X2,3.0,0.1672,,lose,-1.0,scan24h对账,4.3
西乙,AD Ceuta vs UD Las Palmas,2026-08-23T01:00:00+08:00,1X2平局,1X2,3.45,0.0476,,lose,-1.0,scan24h对账,4.3
西乙,AD Ceuta vs UD Las Palmas,2026-08-23T01:00:00+08:00,1X2客胜,1X2,2.6,-0.2212,,win,1.6,scan24h对账,4.3
西甲,Valencia vs Celta Vigo,2026-08-23T01:30:00+08:00,让球主(-0.2),让球,1.85,-0.114,,lose,-1.0,scan24h对账,4.8
西甲,Valencia vs Celta Vigo,2026-08-23T01:30:00+08:00,让球客(+0.2),让球,1.98,-0.0545,,half,0.49,scan24h对账,4.8
西甲,Valencia vs Celta Vigo,2026-08-23T01:30:00+08:00,小2.50,大小球,1.69,-0.0236,,win,0.69,scan24h对账,4.8
西甲,Valencia vs Celta Vigo,2026-08-23T01:30:00+08:00,大2.50,大小球,2.42,0.0099,,lose,-1.0,scan24h对账,4.8
西甲,Valencia vs Celta Vigo,2026-08-23T01:30:00+08:00,1X2主胜,1X2,2.62,0.213,,lose,-1.0,scan24h对账,4.8
西甲,Valencia vs Celta Vigo,2026-08-23T01:30:00+08:00,1X2平局,1X2,3.2,-0.1067,,win,2.2,scan24h对账,4.8
西甲,Valencia vs Celta Vigo,2026-08-23T01:30:00+08:00,1X2客胜,1X2,3.2,-0.1961,,lose,-1.0,scan24h对账,4.8
法乙,Saint-Étienne vs Grenoble Foot 38,2026-08-23T02:00:00+08:00,让球主(-1.2),让球,1.92,0.21350736278447124,,win,0.92,scan24h对账,5.3
法乙,Saint-Étienne vs Grenoble Foot 38,2026-08-23T02:00:00+08:00,让球客(+1.2),让球,1.97,-0.5154,,lose,-1.0,scan24h对账,5.3
法乙,Saint-Étienne vs Grenoble Foot 38,2026-08-23T02:00:00+08:00,小2.50,大小球,2.08,-0.6055,,lose,-1.0,scan24h对账,5.3
法乙,Saint-Étienne vs Grenoble Foot 38,2026-08-23T02:00:00+08:00,大2.50,大小球,1.89,0.2164687693259124,,win,0.89,scan24h对账,5.3
法乙,Saint-Étienne vs Grenoble Foot 38,2026-08-23T02:00:00+08:00,1X2主胜,1X2,1.41,-0.09367535949305372,,win,0.41,scan24h对账,5.3
法乙,Saint-Étienne vs Grenoble Foot 38,2026-08-23T02:00:00+08:00,1X2平局,1X2,5.0,-0.4188,,lose,-1.0,scan24h对账,5.3
法乙,Saint-Étienne vs Grenoble Foot 38,2026-08-23T02:00:00+08:00,1X2客胜,1X2,9.8,-0.4006,,lose,-1.0,scan24h对账,5.3
土超,Fenerbahçe vs Konyaspor,2026-08-23T02:30:00+08:00,让球主(-1.5),让球,1.94,0.0777,,win,0.94,scan24h对账,5.8
土超,Fenerbahçe vs Konyaspor,2026-08-23T02:30:00+08:00,让球客(+1.5),让球,2.04,-0.1047,,lose,-1.0,scan24h对账,5.8
土超,Fenerbahçe vs Konyaspor,2026-08-23T02:30:00+08:00,小2.50,大小球,2.56,-0.5642,,lose,-1.0,scan24h对账,5.8
土超,Fenerbahçe vs Konyaspor,2026-08-23T02:30:00+08:00,大2.50,大小球,1.63,0.05508382583524307,,win,0.63,scan24h对账,5.8
土超,Fenerbahçe vs Konyaspor,2026-08-23T02:30:00+08:00,1X2主胜,1X2,1.36,-0.12126927106720553,,win,0.36,scan24h对账,5.8
土超,Fenerbahçe vs Konyaspor,2026-08-23T02:30:00+08:00,1X2平局,1X2,5.7,-0.0059,,lose,-1.0,scan24h对账,5.8
土超,Fenerbahçe vs Konyaspor,2026-08-23T02:30:00+08:00,1X2客胜,1X2,10.5,0.6332,,lose,-1.0,scan24h对账,5.8
比甲,Royal Antwerp FC vs KRC Genk,2026-08-23T02:45:00+08:00,让球主(+0.2),让球,2.03,0.28794788273615635,,half,0.515,scan24h对账,6.1
比甲,Royal Antwerp FC vs KRC Genk,2026-08-23T02:45:00+08:00,让球客(-0.2),让球,1.88,-0.6297,,lose,-1.0,scan24h对账,6.1
比甲,Royal Antwerp FC vs KRC Genk,2026-08-23T02:45:00+08:00,小2.50,大小球,2.14,-0.1375,,lose,-1.0,scan24h对账,6.1
比甲,Royal Antwerp FC vs KRC Genk,2026-08-23T02:45:00+08:00,大2.50,大小球,1.84,0.0788,,win,0.84,scan24h对账,6.1
比甲,Royal Antwerp FC vs KRC Genk,2026-08-23T02:45:00+08:00,1X2主胜,1X2,3.5,0.8133,,lose,-1.0,scan24h对账,6.1
比甲,Royal Antwerp FC vs KRC Genk,2026-08-23T02:45:00+08:00,1X2平局,1X2,3.65,-0.0994,,win,2.65,scan24h对账,6.1
比甲,Royal Antwerp FC vs KRC Genk,2026-08-23T02:45:00+08:00,1X2客胜,1X2,2.22,-0.5002,,lose,-1.0,scan24h对账,6.1
法甲,Troyes vs Paris FC,2026-08-23T02:45:00+08:00,让球主(+0.2),让球,2.01,0.282914370982553,,half,0.505,scan24h对账,6.0
法甲,Troyes vs Paris FC,2026-08-23T02:45:00+08:00,让球客(-0.2),让球,1.92,-0.7571,,lose,-1.0,scan24h对账,6.0
法甲,Troyes vs Paris FC,2026-08-23T02:45:00+08:00,小2.50,大小球,2.19,0.0205,,win,1.19,scan24h对账,6.0
法甲,Troyes vs Paris FC,2026-08-23T02:45:00+08:00,大2.50,大小球,1.79,-0.0711,,lose,-1.0,scan24h对账,6.0
法甲,Troyes vs Paris FC,2026-08-23T02:45:00+08:00,1X2主胜,1X2,3.4,1.0181,,lose,-1.0,scan24h对账,6.0
法甲,Troyes vs Paris FC,2026-08-23T02:45:00+08:00,1X2平局,1X2,3.7,-0.116,,win,2.7,scan24h对账,6.0
法甲,Troyes vs Paris FC,2026-08-23T02:45:00+08:00,1X2客胜,1X2,2.26,-0.6368,,lose,-1.0,scan24h对账,6.0
法甲,Toulouse vs Olympique Lyonnais,2026-08-23T02:45:00+08:00,让球主(+0.0),让球,2.04,0.0599,1,lose,-1.0,scan24h对账,6.0
法甲,Toulouse vs Olympique Lyonnais,2026-08-23T02:45:00+08:00,让球客(-0.0),让球,1.87,-0.1471,,win,0.87,scan24h对账,6.0
法甲,Toulouse vs Olympique Lyonnais,2026-08-23T02:45:00+08:00,小2.50,大小球,2.01,0.0504,,win,1.01,scan24h对账,6.0
法甲,Toulouse vs Olympique Lyonnais,2026-08-23T02:45:00+08:00,大2.50,大小球,1.93,-0.1083,,lose,-1.0,scan24h对账,6.0
法甲,Toulouse vs Olympique Lyonnais,2026-08-23T02:45:00+08:00,1X2主胜,1X2,2.5,-0.0516,,lose,-1.0,scan24h对账,6.0
法甲,Toulouse vs Olympique Lyonnais,2026-08-23T02:45:00+08:00,1X2平局,1X2,3.55,0.0228,,lose,-1.0,scan24h对账,6.0
法甲,Toulouse vs Olympique Lyonnais,2026-08-23T02:45:00+08:00,1X2客胜,1X2,3.1,0.0176,,win,2.1,scan24h对账,6.0
法甲,Nice vs Lorient,2026-08-23T02:45:00+08:00,让球主(-0.2),让球,1.96,0.2119,1,lose,-1.0,scan24h对账,6.0
法甲,Nice vs Lorient,2026-08-23T02:45:00+08:00,让球客(+0.2),让球,1.96,-0.2911,,half,0.48,scan24h对账,6.0
法甲,Nice vs Lorient,2026-08-23T02:45:00+08:00,小2.50,大小球,1.84,-0.0502,,win,0.84,scan24h对账,6.0
法甲,Nice vs Lorient,2026-08-23T02:45:00+08:00,大2.50,大小球,2.11,-0.0153,,lose,-1.0,scan24h对账,6.0
法甲,Nice vs Lorient,2026-08-23T02:45:00+08:00,1X2主胜,1X2,2.34,0.3373,,lose,-1.0,scan24h对账,6.0
法甲,Nice vs Lorient,2026-08-23T02:45:00+08:00,1X2平局,1X2,3.4,-0.1321,,win,2.4,scan24h对账,6.0
法甲,Nice vs Lorient,2026-08-23T02:45:00+08:00,1X2客胜,1X2,3.55,-0.3961,,lose,-1.0,scan24h对账,6.0
法甲,Le Mans vs Stade Brestois,2026-08-23T02:45:00+08:00,让球主(+0.0),让球,1.89,0.21083752916615506,,push,0.0,scan24h对账,6.0
法甲,Le Mans vs Stade Brestois,2026-08-23T02:45:00+08:00,让球客(-0.0),让球,2.06,-0.6229,,push,0.0,scan24h对账,6.0
法甲,Le Mans vs Stade Brestois,2026-08-23T02:45:00+08:00,小2.50,大小球,1.93,0.2156,,lose,-1.0,scan24h对账,6.0
法甲,Le Mans vs Stade Brestois,2026-08-23T02:45:00+08:00,大2.50,大小球,2.01,-0.2869,,win,1.01,scan24h对账,6.0
法甲,Le Mans vs Stade Brestois,2026-08-23T02:45:00+08:00,1X2主胜,1X2,2.62,0.6626,,lose,-1.0,scan24h对账,6.0
法甲,Le Mans vs Stade Brestois,2026-08-23T02:45:00+08:00,1X2平局,1X2,3.45,-0.1262,,win,2.45,scan24h对账,6.0
法甲,Le Mans vs Stade Brestois,2026-08-23T02:45:00+08:00,1X2客胜,1X2,2.98,-0.6868,,lose,-1.0,scan24h对账,6.0
意甲,Parma vs Cagliari,2026-08-23T02:45:00+08:00,让球主(+0.0),让球,1.85,0.1215,1,lose,-1.0,scan24h对账,6.0
意甲,Parma vs Cagliari,2026-08-23T02:45:00+08:00,让球客(-0.0),让球,2.14,-0.1739,,win,1.14,scan24h对账,6.0
意甲,Parma vs Cagliari,2026-08-23T02:45:00+08:00,小2.50,大小球,1.61,0.04048752343862683,,win,0.61,scan24h对账,6.0
意甲,Parma vs Cagliari,2026-08-23T02:45:00+08:00,大2.50,大小球,2.6,-0.207,,lose,-1.0,scan24h对账,6.0
意甲,Parma vs Cagliari,2026-08-23T02:45:00+08:00,1X2主胜,1X2,2.74,0.1617,,lose,-1.0,scan24h对账,6.0
意甲,Parma vs Cagliari,2026-08-23T02:45:00+08:00,1X2平局,1X2,3.1,0.0076,,lose,-1.0,scan24h对账,6.0
意甲,Parma vs Cagliari,2026-08-23T02:45:00+08:00,1X2客胜,1X2,3.15,-0.225,,win,2.15,scan24h对账,6.0
意甲,Genoa vs SSC Napoli,2026-08-23T02:45:00+08:00,让球主(+0.5),让球,1.9,0.1734,1,lose,-1.0,scan24h对账,6.0
意甲,Genoa vs SSC Napoli,2026-08-23T02:45:00+08:00,让球客(-0.5),让球,2.08,-0.2192,,win,1.08,scan24h对账,6.0
意甲,Genoa vs SSC Napoli,2026-08-23T02:45:00+08:00,小2.50,大小球,1.62,0.0350867296573123,,win,0.62,scan24h对账,6.0
意甲,Genoa vs SSC Napoli,2026-08-23T02:45:00+08:00,大2.50,大小球,2.5,-0.2851,,lose,-1.0,scan24h对账,6.0
意甲,Genoa vs SSC Napoli,2026-08-23T02:45:00+08:00,1X2主胜,1X2,4.5,0.3156,,lose,-1.0,scan24h对账,6.0
意甲,Genoa vs SSC Napoli,2026-08-23T02:45:00+08:00,1X2平局,1X2,3.3,0.1049,,lose,-1.0,scan24h对账,6.0
意甲,Genoa vs SSC Napoli,2026-08-23T02:45:00+08:00,1X2客胜,1X2,2.08,-0.237,,win,1.08,scan24h对账,6.0
阿甲,Gimnasia y Esgrima vs Gimnasia y Esgrima Mendoza,2026-08-23T03:00:00+08:00,让球主(-0.5),让球,1.83,0.1631261595547311,,lose,-1.0,scan24h对账,6.3
阿甲,Gimnasia y Esgrima vs Gimnasia y Esgrima Mendoza,2026-08-23T03:00:00+08:00,让球客(+0.5),让球,2.1,-0.4961,,win,1.1,scan24h对账,6.3
阿甲,Gimnasia y Esgrima vs Gimnasia y Esgrima Mendoza,2026-08-23T03:00:00+08:00,小2.50,大小球,1.5,-0.2541,,lose,-1.0,scan24h对账,6.3
阿甲,Gimnasia y Esgrima vs Gimnasia y Esgrima Mendoza,2026-08-23T03:00:00+08:00,大2.50,大小球,2.55,0.1404,,win,1.55,scan24h对账,6.3
阿甲,Gimnasia y Esgrima vs Gimnasia y Esgrima Mendoza,2026-08-23T03:00:00+08:00,1X2主胜,1X2,1.85,0.18948482194979555,,lose,-1.0,scan24h对账,6.3
阿甲,Gimnasia y Esgrima vs Gimnasia y Esgrima Mendoza,2026-08-23T03:00:00+08:00,1X2平局,1X2,3.55,-0.2404,,lose,-1.0,scan24h对账,6.3
阿甲,Gimnasia y Esgrima vs Gimnasia y Esgrima Mendoza,2026-08-23T03:00:00+08:00,1X2客胜,1X2,5.3,-0.4834,,win,4.3,scan24h对账,6.3
阿甲,Atlético Tucumán vs Instituto De Córdoba,2026-08-23T03:00:00+08:00,让球主(+0.0),让球,1.98,0.0436,,push,0.0,scan24h对账,6.3
阿甲,Atlético Tucumán vs Instituto De Córdoba,2026-08-23T03:00:00+08:00,让球客(-0.0),让球,1.93,-0.131,,push,0.0,scan24h对账,6.3
阿甲,Atlético Tucumán vs Instituto De Córdoba,2026-08-23T03:00:00+08:00,小2.50,大小球,1.47,-0.10024326569360387,,win,0.47,scan24h对账,6.3
阿甲,Atlético Tucumán vs Instituto De Córdoba,2026-08-23T03:00:00+08:00,大2.50,大小球,2.62,-0.6119,,lose,-1.0,scan24h对账,6.3
阿甲,Atlético Tucumán vs Instituto De Córdoba,2026-08-23T03:00:00+08:00,1X2主胜,1X2,3.0,0.0007,,lose,-1.0,scan24h对账,6.3
阿甲,Atlético Tucumán vs Instituto De Córdoba,2026-08-23T03:00:00+08:00,1X2平局,1X2,3.0,0.1328,,win,2.0,scan24h对账,6.3
阿甲,Atlético Tucumán vs Instituto De Córdoba,2026-08-23T03:00:00+08:00,1X2客胜,1X2,2.84,-0.232,,lose,-1.0,scan24h对账,6.3
荷甲,SC Heerenveen vs PEC Zwolle,2026-08-23T03:00:00+08:00,让球主(-1.0),让球,1.94,-0.3937,,lose,-1.0,scan24h对账,6.3
荷甲,SC Heerenveen vs PEC Zwolle,2026-08-23T03:00:00+08:00,让球客(+1.0),让球,1.96,0.24221371798645874,3,win,0.96,scan24h对账,6.3
荷甲,SC Heerenveen vs PEC Zwolle,2026-08-23T03:00:00+08:00,小2.50,大小球,2.75,-0.0799,,win,1.75,scan24h对账,6.3
荷甲,SC Heerenveen vs PEC Zwolle,2026-08-23T03:00:00+08:00,大2.50,大小球,1.43,-0.1331,,lose,-1.0,scan24h对账,6.3
荷甲,SC Heerenveen vs PEC Zwolle,2026-08-23T03:00:00+08:00,1X2主胜,1X2,1.62,-0.3522,,lose,-1.0,scan24h对账,6.3
荷甲,SC Heerenveen vs PEC Zwolle,2026-08-23T03:00:00+08:00,1X2平局,1X2,4.7,0.1547,,lose,-1.0,scan24h对账,6.3
荷甲,SC Heerenveen vs PEC Zwolle,2026-08-23T03:00:00+08:00,1X2客胜,1X2,5.6,0.9371,,win,4.6,scan24h对账,6.3
巴甲,Fluminense vs Remo,2026-08-23T03:00:00+08:00,让球主(-1.0),让球,1.9,0.22065171688857754,2,push,0.0,scan24h对账,6.2
巴甲,Fluminense vs Remo,2026-08-23T03:00:00+08:00,让球客(+1.0),让球,2.06,-0.4166,,push,0.0,scan24h对账,6.2
巴甲,Fluminense vs Remo,2026-08-23T03:00:00+08:00,小2.50,大小球,1.91,-0.4509,,lose,-1.0,scan24h对账,6.2
巴甲,Fluminense vs Remo,2026-08-23T03:00:00+08:00,大2.50,大小球,2.06,0.32710240878997054,,win,1.06,scan24h对账,6.2
巴甲,Fluminense vs Remo,2026-08-23T03:00:00+08:00,1X2主胜,1X2,1.54,-0.005856346075363783,,win,0.54,scan24h对账,6.2
巴甲,Fluminense vs Remo,2026-08-23T03:00:00+08:00,1X2平局,1X2,4.3,-0.287,,lose,-1.0,scan24h对账,6.2
巴甲,Fluminense vs Remo,2026-08-23T03:00:00+08:00,1X2客胜,1X2,8.0,-0.222,,lose,-1.0,scan24h对账,6.2
葡超,Sporting CP vs FC Alverca,2026-08-23T03:30:00+08:00,让球主(-1.8),让球,1.89,-0.6062,,half,0.445,scan24h对账,6.8
葡超,Sporting CP vs FC Alverca,2026-08-23T03:30:00+08:00,让球客(+1.8),让球,2.04,0.3009903504316913,,lose,-1.0,scan24h对账,6.8
葡超,Sporting CP vs FC Alverca,2026-08-23T03:30:00+08:00,小2.50,大小球,2.48,0.0279,,lose,-1.0,scan24h对账,6.8
葡超,Sporting CP vs FC Alverca,2026-08-23T03:30:00+08:00,大2.50,大小球,1.5,-0.2197,,win,0.5,scan24h对账,6.8
葡超,Sporting CP vs FC Alverca,2026-08-23T03:30:00+08:00,1X2主胜,1X2,1.23,-0.5108,,win,0.23,scan24h对账,6.8
葡超,Sporting CP vs FC Alverca,2026-08-23T03:30:00+08:00,1X2平局,1X2,7.6,1.0464,,lose,-1.0,scan24h对账,6.8
葡超,Sporting CP vs FC Alverca,2026-08-23T03:30:00+08:00,1X2客胜,1X2,15.5,4.0214,,lose,-1.0,scan24h对账,6.8
西乙,CD Eldense vs Cádiz,2026-08-23T03:30:00+08:00,让球主(-0.2),让球,1.98,0.0244,,lose,-1.0,scan24h对账,6.8
西乙,CD Eldense vs Cádiz,2026-08-23T03:30:00+08:00,让球客(+0.2),让球,1.98,-0.0642,,half,0.49,scan24h对账,6.8
西乙,CD Eldense vs Cádiz,2026-08-23T03:30:00+08:00,小2.50,大小球,1.75,-0.2721,,lose,-1.0,scan24h对账,6.8
西乙,CD Eldense vs Cádiz,2026-08-23T03:30:00+08:00,大2.50,大小球,2.28,0.309,2,win,1.28,scan24h对账,6.8
西乙,CD Eldense vs Cádiz,2026-08-23T03:30:00+08:00,1X2主胜,1X2,2.34,0.1158,,lose,-1.0,scan24h对账,6.8
西乙,CD Eldense vs Cádiz,2026-08-23T03:30:00+08:00,1X2平局,1X2,3.2,-0.1889,,win,2.2,scan24h对账,6.8
西乙,CD Eldense vs Cádiz,2026-08-23T03:30:00+08:00,1X2客胜,1X2,3.65,-0.0655,,lose,-1.0,scan24h对账,6.8
西甲,Espanyol vs Real Madrid,2026-08-23T03:30:00+08:00,让球主(+1.2),让球,1.94,0.2538650148406245,,half,0.47,scan24h对账,6.8
西甲,Espanyol vs Real Madrid,2026-08-23T03:30:00+08:00,让球客(-1.2),让球,2.04,-0.5433,,lose,-1.0,scan24h对账,6.8
西甲,Espanyol vs Real Madrid,2026-08-23T03:30:00+08:00,小2.50,大小球,2.2,0.327,,lose,-1.0,scan24h对账,6.8
西甲,Espanyol vs Real Madrid,2026-08-23T03:30:00+08:00,大2.50,大小球,1.79,-0.313,,win,0.79,scan24h对账,6.8
西甲,Espanyol vs Real Madrid,2026-08-23T03:30:00+08:00,1X2主胜,1X2,7.8,1.058,,lose,-1.0,scan24h对账,6.8
西甲,Espanyol vs Real Madrid,2026-08-23T03:30:00+08:00,1X2平局,1X2,4.9,0.4182,,lose,-1.0,scan24h对账,6.8
西甲,Espanyol vs Real Madrid,2026-08-23T03:30:00+08:00,1X2客胜,1X2,1.49,-0.3395,,win,0.49,scan24h对账,6.8
阿甲,CA Independiente vs Independiente Rivadavia,2026-08-23T05:30:00+08:00,让球主(-0.5),让球,2.11,-0.1151,,lose,-1.0,scan24h对账,8.8
阿甲,CA Independiente vs Independiente Rivadavia,2026-08-23T05:30:00+08:00,让球客(+0.5),让球,1.82,0.0151,,win,0.82,scan24h对账,8.8
阿甲,CA Independiente vs Independiente Rivadavia,2026-08-23T05:30:00+08:00,小2.50,大小球,1.56,-0.0882,,win,0.56,scan24h对账,8.8
阿甲,CA Independiente vs Independiente Rivadavia,2026-08-23T05:30:00+08:00,大2.50,大小球,2.42,-0.119,,lose,-1.0,scan24h对账,8.8
阿甲,CA Independiente vs Independiente Rivadavia,2026-08-23T05:30:00+08:00,1X2主胜,1X2,2.14,-0.1363,,lose,-1.0,scan24h对账,8.8
阿甲,CA Independiente vs Independiente Rivadavia,2026-08-23T05:30:00+08:00,1X2平局,1X2,3.3,-0.0121,,win,2.3,scan24h对账,8.8
阿甲,CA Independiente vs Independiente Rivadavia,2026-08-23T05:30:00+08:00,1X2客胜,1X2,4.1,0.1604,,lose,-1.0,scan24h对账,8.8
巴甲,Internacional vs Atlético Mineiro,2026-08-23T05:30:00+08:00,让球主(-0.5),让球,2.08,-0.2144,,lose,-1.0,scan24h对账,8.7
巴甲,Internacional vs Atlético Mineiro,2026-08-23T05:30:00+08:00,让球客(+0.5),让球,1.88,0.1464,,win,0.88,scan24h对账,8.7
巴甲,Internacional vs Atlético Mineiro,2026-08-23T05:30:00+08:00,小2.50,大小球,1.87,0.207620172270075,2,win,0.87,scan24h对账,8.7
巴甲,Internacional vs Atlético Mineiro,2026-08-23T05:30:00+08:00,大2.50,大小球,2.12,-0.4097,,lose,-1.0,scan24h对账,8.7
巴甲,Internacional vs Atlético Mineiro,2026-08-23T05:30:00+08:00,1X2主胜,1X2,2.12,-0.2167,,lose,-1.0,scan24h对账,8.7
巴甲,Internacional vs Atlético Mineiro,2026-08-23T05:30:00+08:00,1X2平局,1X2,3.35,0.1152,,win,2.35,scan24h对账,8.7
巴甲,Internacional vs Atlético Mineiro,2026-08-23T05:30:00+08:00,1X2客胜,1X2,4.2,0.2155,,lose,-1.0,scan24h对账,8.7
巴甲,Cruzeiro vs Flamengo,2026-08-23T07:30:00+08:00,让球主(+0.2),让球,1.95,-0.0366,,win,0.95,scan24h对账,10.7
巴甲,Cruzeiro vs Flamengo,2026-08-23T07:30:00+08:00,让球客(-0.2),让球,2.0,-0.0135,,lose,-1.0,scan24h对账,10.7
巴甲,Cruzeiro vs Flamengo,2026-08-23T07:30:00+08:00,小2.50,大小球,1.92,-0.2306,,lose,-1.0,scan24h对账,10.7
巴甲,Cruzeiro vs Flamengo,2026-08-23T07:30:00+08:00,大2.50,大小球,2.06,0.2216,2,win,1.06,scan24h对账,10.7
巴甲,Cruzeiro vs Flamengo,2026-08-23T07:30:00+08:00,1X2主胜,1X2,3.4,-0.0671,,win,2.4,scan24h对账,10.7
巴甲,Cruzeiro vs Flamengo,2026-08-23T07:30:00+08:00,1X2平局,1X2,3.5,-0.1015,,lose,-1.0,scan24h对账,10.7
巴甲,Cruzeiro vs Flamengo,2026-08-23T07:30:00+08:00,1X2客胜,1X2,2.34,0.0806,,lose,-1.0,scan24h对账,10.7
美职,Charlotte FC vs DC United,2026-08-23T07:30:00+08:00,让球主(-0.8),让球,2.06,0.3137,2,win,1.06,scan24h对账,10.7
美职,Charlotte FC vs DC United,2026-08-23T07:30:00+08:00,让球客(+0.8),让球,1.9,-0.3337,,lose,-1.0,scan24h对账,10.7
美职,Charlotte FC vs DC United,2026-08-23T07:30:00+08:00,小2.50,大小球,2.34,0.081,,lose,-1.0,scan24h对账,10.7
美职,Charlotte FC vs DC United,2026-08-23T07:30:00+08:00,大2.50,大小球,1.73,-0.0785,,win,0.73,scan24h对账,10.7
美职,Charlotte FC vs DC United,2026-08-23T07:30:00+08:00,1X2主胜,1X2,1.84,0.0597,,win,0.84,scan24h对账,10.7
美职,Charlotte FC vs DC United,2026-08-23T07:30:00+08:00,1X2平局,1X2,4.0,-0.0492,,lose,-1.0,scan24h对账,10.7
美职,Charlotte FC vs DC United,2026-08-23T07:30:00+08:00,1X2客胜,1X2,4.5,-0.2307,,lose,-1.0,scan24h对账,10.7
美职,Orlando City SC vs Real Salt Lake,2026-08-23T07:30:00+08:00,让球主(-0.5),让球,2.08,0.3169,2,win,1.08,scan24h对账,10.7
美职,Orlando City SC vs Real Salt Lake,2026-08-23T07:30:00+08:00,让球客(+0.5),让球,1.9,-0.3163,,lose,-1.0,scan24h对账,10.7
美职,Orlando City SC vs Real Salt Lake,2026-08-23T07:30:00+08:00,小2.50,大小球,2.85,-0.1377,,lose,-1.0,scan24h对账,10.7
美职,Orlando City SC vs Real Salt Lake,2026-08-23T07:30:00+08:00,大2.50,大小球,1.41,-0.13543875147232032,,win,0.41,scan24h对账,10.7
美职,Orlando City SC vs Real Salt Lake,2026-08-23T07:30:00+08:00,1X2主胜,1X2,2.08,0.1929,,win,1.08,scan24h对账,10.7
美职,Orlando City SC vs Real Salt Lake,2026-08-23T07:30:00+08:00,1X2平局,1X2,4.3,-0.0514,,lose,-1.0,scan24h对账,10.7
美职,Orlando City SC vs Real Salt Lake,2026-08-23T07:30:00+08:00,1X2客胜,1X2,3.4,-0.3251,,lose,-1.0,scan24h对账,10.7
美职,New York Red Bulls vs Chicago Fire,2026-08-23T07:30:00+08:00,让球主(+0.0),让球,2.12,0.0482,,push,0.0,scan24h对账,10.7
美职,New York Red Bulls vs Chicago Fire,2026-08-23T07:30:00+08:00,让球客(-0.0),让球,1.87,-0.0666,,push,0.0,scan24h对账,10.7
美职,New York Red Bulls vs Chicago Fire,2026-08-23T07:30:00+08:00,小2.50,大小球,2.95,-0.4586,,win,1.95,scan24h对账,10.7
美职,New York Red Bulls vs Chicago Fire,2026-08-23T07:30:00+08:00,大2.50,大小球,1.39,-0.14640109208240248,,lose,-1.0,scan24h对账,10.7
美职,New York Red Bulls vs Chicago Fire,2026-08-23T07:30:00+08:00,1X2主胜,1X2,2.82,0.0775,,lose,-1.0,scan24h对账,10.7
美职,New York Red Bulls vs Chicago Fire,2026-08-23T07:30:00+08:00,1X2平局,1X2,4.0,-0.1026,,win,3.0,scan24h对账,10.7
美职,New York Red Bulls vs Chicago Fire,2026-08-23T07:30:00+08:00,1X2客胜,1X2,2.48,-0.0433,,lose,-1.0,scan24h对账,10.7
美职,CF Montréal vs LA Galaxy,2026-08-23T07:30:00+08:00,让球主(-0.5),让球,2.12,0.0608,,lose,-1.0,scan24h对账,10.7
美职,CF Montréal vs LA Galaxy,2026-08-23T07:30:00+08:00,让球客(+0.5),让球,1.86,-0.0879,,win,0.86,scan24h对账,10.7
美职,CF Montréal vs LA Galaxy,2026-08-23T07:30:00+08:00,小2.50,大小球,2.46,0.4395,2,lose,-1.0,scan24h对账,10.7
美职,CF Montréal vs LA Galaxy,2026-08-23T07:30:00+08:00,大2.50,大小球,1.66,-0.326,,win,0.66,scan24h对账,10.7
美职,CF Montréal vs LA Galaxy,2026-08-23T07:30:00+08:00,1X2主胜,1X2,2.12,-0.0178,,lose,-1.0,scan24h对账,10.7
美职,CF Montréal vs LA Galaxy,2026-08-23T07:30:00+08:00,1X2平局,1X2,3.9,0.1158,,win,2.9,scan24h对账,10.7
美职,CF Montréal vs LA Galaxy,2026-08-23T07:30:00+08:00,1X2客胜,1X2,3.5,-0.1706,,lose,-1.0,scan24h对账,10.7
美职,FC Cincinnati vs Seattle Sounders FC,2026-08-23T07:30:00+08:00,让球主(-1.0),让球,2.08,0.1589,1,lose,-1.0,scan24h对账,10.7
美职,FC Cincinnati vs Seattle Sounders FC,2026-08-23T07:30:00+08:00,让球客(+1.0),让球,1.87,-0.2005,,win,0.87,scan24h对账,10.7
美职,FC Cincinnati vs Seattle Sounders FC,2026-08-23T07:30:00+08:00,小2.50,大小球,3.05,0.1185,,win,2.05,scan24h对账,10.7
美职,FC Cincinnati vs Seattle Sounders FC,2026-08-23T07:30:00+08:00,大2.50,大小球,1.37,-0.2072,,lose,-1.0,scan24h对账,10.7
美职,FC Cincinnati vs Seattle Sounders FC,2026-08-23T07:30:00+08:00,1X2主胜,1X2,1.69,0.0262,,lose,-1.0,scan24h对账,10.7
美职,FC Cincinnati vs Seattle Sounders FC,2026-08-23T07:30:00+08:00,1X2平局,1X2,4.8,0.0492,,win,3.8,scan24h对账,10.7
美职,FC Cincinnati vs Seattle Sounders FC,2026-08-23T07:30:00+08:00,1X2客胜,1X2,4.7,-0.2409,,lose,-1.0,scan24h对账,10.7
美职,Inter Miami CF vs Toronto FC,2026-08-23T07:30:00+08:00,让球主(-1.5),让球,1.9,0.0343,,lose,-1.0,scan24h对账,10.7
美职,Inter Miami CF vs Toronto FC,2026-08-23T07:30:00+08:00,让球客(+1.5),让球,2.02,-0.1219,,win,1.02,scan24h对账,10.7
美职,Inter Miami CF vs Toronto FC,2026-08-23T07:30:00+08:00,小2.50,大小球,3.95,-0.0305,,lose,-1.0,scan24h对账,10.7
美职,Inter Miami CF vs Toronto FC,2026-08-23T07:30:00+08:00,大2.50,大小球,1.24,-0.2393093661305581,,win,0.24,scan24h对账,10.7
美职,Inter Miami CF vs Toronto FC,2026-08-23T07:30:00+08:00,1X2主胜,1X2,1.38,-0.11546884185773076,,lose,-1.0,scan24h对账,10.7
美职,Inter Miami CF vs Toronto FC,2026-08-23T07:30:00+08:00,1X2平局,1X2,6.2,0.1201,,lose,-1.0,scan24h对账,10.7
美职,Inter Miami CF vs Toronto FC,2026-08-23T07:30:00+08:00,1X2客胜,1X2,7.8,0.0491,,win,6.8,scan24h对账,10.7
墨超,CD Guadalajara vs Club Tijuana,2026-08-23T07:07:00+08:00,让球主(-1.2),让球,2.06,-0.3128,,win,1.06,scan24h对账,10.4
墨超,CD Guadalajara vs Club Tijuana,2026-08-23T07:07:00+08:00,让球客(+1.2),让球,1.84,0.16251713111009614,1,lose,-1.0,scan24h对账,10.4
墨超,CD Guadalajara vs Club Tijuana,2026-08-23T07:07:00+08:00,小2.50,大小球,2.28,0.4117,,lose,-1.0,scan24h对账,10.4
墨超,CD Guadalajara vs Club Tijuana,2026-08-23T07:07:00+08:00,大2.50,大小球,1.74,-0.3602,,win,0.74,scan24h对账,10.4
墨超,CD Guadalajara vs Club Tijuana,2026-08-23T07:07:00+08:00,1X2主胜,1X2,1.53,-0.1429,,win,0.53,scan24h对账,10.4
墨超,CD Guadalajara vs Club Tijuana,2026-08-23T07:07:00+08:00,1X2平局,1X2,5.0,0.3744,,lose,-1.0,scan24h对账,10.4
墨超,CD Guadalajara vs Club Tijuana,2026-08-23T07:07:00+08:00,1X2客胜,1X2,6.6,0.0548,,lose,-1.0,scan24h对账,10.4
荷甲,Go Ahead Eagles vs ADO Den Haag,2026-08-23T10:15:00+00:00,大2.50,大小球,2.02,0.0902,2,win,1.02,scan24h对账,-1.8
J1,FC Machida Zelvia vs Urawa Red Diamonds,2026-08-23T10:30:00+00:00,让球客(+0.5),让球,2.06,0.2716,3,lose,-1.0,scan24h对账,-1.5
K联赛,Daejeon Citizen vs Gangwon FC,2026-08-23T10:30:00+00:00,让球客(+0.2),让球,1.86,0.1657,1,lose,-1.0,scan24h对账,-1.5
K联赛,Gwangju FC vs Incheon United,2026-08-23T10:30:00+00:00,大2.50,大小球,2.44,0.2462,1,lose,-1.0,scan24h对账,-1.5
英冠,West Bromwich Albion vs Burnley,2026-08-23T11:00:00+00:00,让球客(-0.0),让球,2.08,0.1032,1,lose,-1.0,scan24h对账,-1.0
中超,Liaoning Tieren FC vs Henan FC,2026-08-23T11:00:00+00:00,让球主(+0.0),让球,1.91,0.1921,1,push,0.0,scan24h对账,-1.0
中超,Shanghai SIPG FC vs Qingdao Hainiu FC,2026-08-23T11:35:00+00:00,让球主(-0.5),让球,1.95,0.2229,2,win,0.95,scan24h对账,-0.4
中超,Chongqing Tonglianglong FC vs Dalian Yingbo,2026-08-23T12:00:00+00:00,大2.50,大小球,2.10,0.2556,1,lose,-1.0,scan24h对账,-0.0
丹超,AGF Aarhus vs OB Odense BK,2026-08-23T12:00:00+00:00,小2.50,大小球,2.48,0.4591,2,lose,-1.0,scan24h对账,-0.0
丹超,FC Midtjylland vs Randers FC,2026-08-23T12:00:00+00:00,让球客(+1.2),让球,1.94,0.2037,2,half,0.47,scan24h对账,-0.0
瑞士超,BSC Young Boys vs FC Vaduz,2026-08-23T12:00:00+00:00,让球客(+1.8),让球,1.95,0.1734,1,lose,-1.0,scan24h对账,-0.0
