snapshot_ts,event_id,league,commence_time,home_team,away_team,bookmaker,market,outcome,side,side_key,point,price,last_update
2026-08-23T09:32:49Z,cc4647c2dbbc99b46369353fec19e12f,丹超,2026-08-23T12:00:00Z,FC Midtjylland,Randers FC,betsson,h2h,FC Midtjylland,home,home,,1.44,2026-08-23T09:32:12Z
2026-08-23T09:32:49Z,cc4647c2dbbc99b46369353fec19e12f,丹超,2026-08-23T12:00:00Z,FC Midtjylland,Randers FC,betsson,h2h,Randers FC,away,away,,7.2,2026-08-23T09:32:12Z
2026-08-23T09:32:49Z,cc4647c2dbbc99b46369353fec19e12f,丹超,2026-08-23T12:00:00Z,FC Midtjylland,Randers FC,betsson,h2h,Draw,draw,draw,,4.25,2026-08-23T09:32:12Z
2026-08-23T09:32:49Z,cc4647c2dbbc99b46369353fec19e12f,丹超,2026-08-23T12:00:00Z,FC Midtjylland,Randers FC,betsson,totals,Over,over,over@2.5,2.5,1.55,2026-08-23T09:32:12Z
2026-08-23T09:32:49Z,cc4647c2dbbc99b46369353fec19e12f,丹超,2026-08-23T12:00:00Z,FC Midtjylland,Randers FC,betsson,totals,Under,under,under@2.5,2.5,2.48,2026-08-23T09:32:12Z
2026-08-23T09:32:49Z,cc4647c2dbbc99b46369353fec19e12f,丹超,2026-08-23T12:00:00Z,FC Midtjylland,Randers FC,winamax_de,h2h,FC Midtjylland,home,home,,1.4,2026-08-23T09:31:49Z
2026-08-23T09:32:49Z,cc4647c2dbbc99b46369353fec19e12f,丹超,2026-08-23T12:00:00Z,FC Midtjylland,Randers FC,winamax_de,h2h,Randers FC,away,away,,5.8,2026-08-23T09:31:49Z
2026-08-23T09:32:49Z,cc4647c2dbbc99b46369353fec19e12f,丹超,2026-08-23T12:00:00Z,FC Midtjylland,Randers FC,winamax_de,h2h,Draw,draw,draw,,4.8,2026-08-23T09:31:49Z
2026-08-23T09:32:49Z,cc4647c2dbbc99b46369353fec19e12f,丹超,2026-08-23T12:00:00Z,FC Midtjylland,Randers FC,codere_it,h2h,FC Midtjylland,home,home,,1.44,2026-08-23T09:32:10Z
2026-08-23T09:32:49Z,cc4647c2dbbc99b46369353fec19e12f,丹超,2026-08-23T12:00:00Z,FC Midtjylland,Randers FC,codere_it,h2h,Randers FC,away,away,,6.4,2026-08-23T09:32:10Z
2026-08-23T09:32:49Z,cc4647c2dbbc99b46369353fec19e12f,丹超,2026-08-23T12:00:00Z,FC Midtjylland,Randers FC,codere_it,h2h,Draw,draw,draw,,4.8,2026-08-23T09:32:10Z
2026-08-23T09:32:49Z,cc4647c2dbbc99b46369353fec19e12f,丹超,2026-08-23T12:00:00Z,FC Midtjylland,Randers FC,codere_it,totals,Over,over,over@3.5,3.5,2.25,2026-08-23T09:32:10Z
2026-08-23T09:32:49Z,cc4647c2dbbc99b46369353fec19e12f,丹超,2026-08-23T12:00:00Z,FC Midtjylland,Randers FC,codere_it,totals,Under,under,under@3.5,3.5,1.55,2026-08-23T09:32:10Z
2026-08-23T09:32:49Z,cc4647c2dbbc99b46369353fec19e12f,丹超,2026-08-23T12:00:00Z,FC Midtjylland,Randers FC,winamax_fr,h2h,FC Midtjylland,home,home,,1.39,2026-08-23T09:32:31Z
2026-08-23T09:32:49Z,cc4647c2dbbc99b46369353fec19e12f,丹超,2026-08-23T12:00:00Z,FC Midtjylland,Randers FC,winamax_fr,h2h,Randers FC,away,away,,5.6,2026-08-23T09:32:31Z
2026-08-23T09:32:49Z,cc4647c2dbbc99b46369353fec19e12f,丹超,2026-08-23T12:00:00Z,FC Midtjylland,Randers FC,winamax_fr,h2h,Draw,draw,draw,,4.6,2026-08-23T09:32:31Z
2026-08-23T09:32:49Z,cc4647c2dbbc99b46369353fec19e12f,丹超,2026-08-23T12:00:00Z,FC Midtjylland,Randers FC,nordicbet,h2h,FC Midtjylland,home,home,,1.44,2026-08-23T09:32:11Z
2026-08-23T09:32:49Z,cc4647c2dbbc99b46369353fec19e12f,丹超,2026-08-23T12:00:00Z,FC Midtjylland,Randers FC,nordicbet,h2h,Randers FC,away,away,,7.2,2026-08-23T09:32:11Z
2026-08-23T09:32:49Z,cc4647c2dbbc99b46369353fec19e12f,丹超,2026-08-23T12:00:00Z,FC Midtjylland,Randers FC,nordicbet,h2h,Draw,draw,draw,,4.25,2026-08-23T09:32:11Z
2026-08-23T09:32:49Z,cc4647c2dbbc99b46369353fec19e12f,丹超,2026-08-23T12:00:00Z,FC Midtjylland,Randers FC,nordicbet,totals,Over,over,over@2.5,2.5,1.55,2026-08-23T09:32:11Z
2026-08-23T09:32:49Z,cc4647c2dbbc99b46369353fec19e12f,丹超,2026-08-23T12:00:00Z,FC Midtjylland,Randers FC,nordicbet,totals,Under,under,under@2.5,2.5,2.48,2026-08-23T09:32:11Z
2026-08-23T09:32:49Z,cc4647c2dbbc99b46369353fec19e12f,丹超,2026-08-23T12:00:00Z,FC Midtjylland,Randers FC,unibet_fr,h2h,FC Midtjylland,home,home,,1.37,2026-08-23T09:32:49Z
2026-08-23T09:32:49Z,cc4647c2dbbc99b46369353fec19e12f,丹超,2026-08-23T12:00:00Z,FC Midtjylland,Randers FC,unibet_fr,h2h,Randers FC,away,away,,6.1,2026-08-23T09:32:49Z
2026-08-23T09:32:49Z,cc4647c2dbbc99b46369353fec19e12f,丹超,2026-08-23T12:00:00Z,FC Midtjylland,Randers FC,unibet_fr,h2h,Draw,draw,draw,,4.65,2026-08-23T09:32:49Z
2026-08-23T09:32:49Z,cc4647c2dbbc99b46369353fec19e12f,丹超,2026-08-23T12:00:00Z,FC Midtjylland,Randers FC,onexbet,h2h,FC Midtjylland,home,home,,1.43,2026-08-23T09:32:11Z
2026-08-23T09:32:49Z,cc4647c2dbbc99b46369353fec19e12f,丹超,2026-08-23T12:00:00Z,FC Midtjylland,Randers FC,onexbet,h2h,Randers FC,away,away,,6.54,2026-08-23T09:32:11Z
2026-08-23T09:32:49Z,cc4647c2dbbc99b46369353fec19e12f,丹超,2026-08-23T12:00:00Z,FC Midtjylland,Randers FC,onexbet,h2h,Draw,draw,draw,,4.65,2026-08-23T09:32:11Z
2026-08-23T09:32:49Z,cc4647c2dbbc99b46369353fec19e12f,丹超,2026-08-23T12:00:00Z,FC Midtjylland,Randers FC,onexbet,spreads,FC Midtjylland,home,home@-1.5,-1.5,2.06,2026-08-23T09:32:11Z
2026-08-23T09:32:49Z,cc4647c2dbbc99b46369353fec19e12f,丹超,2026-08-23T12:00:00Z,FC Midtjylland,Randers FC,onexbet,spreads,Randers FC,away,away@1.5,1.5,1.63,2026-08-23T09:32:11Z
2026-08-23T09:32:49Z,cc4647c2dbbc99b46369353fec19e12f,丹超,2026-08-23T12:00:00Z,FC Midtjylland,Randers FC,onexbet,totals,Over,over,over@3.5,3.5,2.33,2026-08-23T09:32:11Z
2026-08-23T09:32:49Z,cc4647c2dbbc99b46369353fec19e12f,丹超,2026-08-23T12:00:00Z,FC Midtjylland,Randers FC,onexbet,totals,Under,under,under@3.5,3.5,1.58,2026-08-23T09:32:11Z
2026-08-23T09:32:49Z,cc4647c2dbbc99b46369353fec19e12f,丹超,2026-08-23T12:00:00Z,FC Midtjylland,Randers FC,betclic_fr,h2h,FC Midtjylland,home,home,,1.39,2026-08-23T09:30:44Z
2026-08-23T09:32:49Z,cc4647c2dbbc99b46369353fec19e12f,丹超,2026-08-23T12:00:00Z,FC Midtjylland,Randers FC,betclic_fr,h2h,Randers FC,away,away,,6.1,2026-08-23T09:30:44Z
2026-08-23T09:32:49Z,cc4647c2dbbc99b46369353fec19e12f,丹超,2026-08-23T12:00:00Z,FC Midtjylland,Randers FC,betclic_fr,h2h,Draw,draw,draw,,4.65,2026-08-23T09:30:44Z
2026-08-23T09:32:49Z,cc4647c2dbbc99b46369353fec19e12f,丹超,2026-08-23T12:00:00Z,FC Midtjylland,Randers FC,suprabets,h2h,FC Midtjylland,home,home,,1.42,2026-08-23T09:28:07Z
2026-08-23T09:32:49Z,cc4647c2dbbc99b46369353fec19e12f,丹超,2026-08-23T12:00:00Z,FC Midtjylland,Randers FC,suprabets,h2h,Randers FC,away,away,,6.6,2026-08-23T09:28:07Z
2026-08-23T09:32:49Z,cc4647c2dbbc99b46369353fec19e12f,丹超,2026-08-23T12:00:00Z,FC Midtjylland,Randers FC,suprabets,h2h,Draw,draw,draw,,4.6,2026-08-23T09:28:07Z
2026-08-23T09:32:49Z,cc4647c2dbbc99b46369353fec19e12f,丹超,2026-08-23T12:00:00Z,FC Midtjylland,Randers FC,marathonbet,h2h,FC Midtjylland,home,home,,1.42,2026-08-23T09:32:11Z
2026-08-23T09:32:49Z,cc4647c2dbbc99b46369353fec19e12f,丹超,2026-08-23T12:00:00Z,FC Midtjylland,Randers FC,marathonbet,h2h,Randers FC,away,away,,6.55,2026-08-23T09:32:11Z
2026-08-23T09:32:49Z,cc4647c2dbbc99b46369353fec19e12f,丹超,2026-08-23T12:00:00Z,FC Midtjylland,Randers FC,marathonbet,h2h,Draw,draw,draw,,4.65,2026-08-23T09:32:11Z
2026-08-23T09:32:49Z,cc4647c2dbbc99b46369353fec19e12f,丹超,2026-08-23T12:00:00Z,FC Midtjylland,Randers FC,sport888,h2h,FC Midtjylland,home,home,,1.4,2026-08-23T09:32:10Z
2026-08-23T09:32:49Z,cc4647c2dbbc99b46369353fec19e12f,丹超,2026-08-23T12:00:00Z,FC Midtjylland,Randers FC,sport888,h2h,Randers FC,away,away,,6.5,2026-08-23T09:32:10Z
2026-08-23T09:32:49Z,cc4647c2dbbc99b46369353fec19e12f,丹超,2026-08-23T12:00:00Z,FC Midtjylland,Randers FC,sport888,h2h,Draw,draw,draw,,4.5,2026-08-23T09:32:10Z
2026-08-23T09:32:49Z,cc4647c2dbbc99b46369353fec19e12f,丹超,2026-08-23T12:00:00Z,FC Midtjylland,Randers FC,williamhill,h2h,FC Midtjylland,home,home,,1.4,2026-08-23T09:32:49Z
2026-08-23T09:32:49Z,cc4647c2dbbc99b46369353fec19e12f,丹超,2026-08-23T12:00:00Z,FC Midtjylland,Randers FC,williamhill,h2h,Randers FC,away,away,,6.5,2026-08-23T09:32:49Z
2026-08-23T09:32:49Z,cc4647c2dbbc99b46369353fec19e12f,丹超,2026-08-23T12:00:00Z,FC Midtjylland,Randers FC,williamhill,h2h,Draw,draw,draw,,4.4,2026-08-23T09:32:49Z
2026-08-23T09:32:49Z,cc4647c2dbbc99b46369353fec19e12f,丹超,2026-08-23T12:00:00Z,FC Midtjylland,Randers FC,williamhill,totals,Over,over,over@2.5,2.5,1.44,2026-08-23T09:32:49Z
2026-08-23T09:32:49Z,cc4647c2dbbc99b46369353fec19e12f,丹超,2026-08-23T12:00:00Z,FC Midtjylland,Randers FC,williamhill,totals,Under,under,under@2.5,2.5,2.5,2026-08-23T09:32:49Z
2026-08-23T09:32:49Z,cc4647c2dbbc99b46369353fec19e12f,丹超,2026-08-23T12:00:00Z,FC Midtjylland,Randers FC,betfair_ex_eu,h2h,FC Midtjylland,home,home,,1.47,2026-08-23T09:32:29Z
2026-08-23T09:32:49Z,cc4647c2dbbc99b46369353fec19e12f,丹超,2026-08-23T12:00:00Z,FC Midtjylland,Randers FC,betfair_ex_eu,h2h,Randers FC,away,away,,7.4,2026-08-23T09:32:29Z
2026-08-23T09:32:49Z,cc4647c2dbbc99b46369353fec19e12f,丹超,2026-08-23T12:00:00Z,FC Midtjylland,Randers FC,betfair_ex_eu,h2h,Draw,draw,draw,,5.0,2026-08-23T09:32:29Z
2026-08-23T09:32:49Z,cc4647c2dbbc99b46369353fec19e12f,丹超,2026-08-23T12:00:00Z,FC Midtjylland,Randers FC,betfair_ex_eu,h2h_lay,FC Midtjylland,h2h_lay,h2h_lay,,1.49,2026-08-23T09:32:29Z
2026-08-23T09:32:49Z,cc4647c2dbbc99b46369353fec19e12f,丹超,2026-08-23T12:00:00Z,FC Midtjylland,Randers FC,betfair_ex_eu,h2h_lay,Randers FC,h2h_lay,h2h_lay,,8.0,2026-08-23T09:32:29Z
2026-08-23T09:32:49Z,cc4647c2dbbc99b46369353fec19e12f,丹超,2026-08-23T12:00:00Z,FC Midtjylland,Randers FC,betfair_ex_eu,h2h_lay,Draw,h2h_lay,h2h_lay,,5.3,2026-08-23T09:32:29Z
2026-08-23T09:32:49Z,cc4647c2dbbc99b46369353fec19e12f,丹超,2026-08-23T12:00:00Z,FC Midtjylland,Randers FC,unibet_nl,h2h,FC Midtjylland,home,home,,1.43,2026-08-23T09:32:11Z
2026-08-23T09:32:49Z,cc4647c2dbbc99b46369353fec19e12f,丹超,2026-08-23T12:00:00Z,FC Midtjylland,Randers FC,unibet_nl,h2h,Randers FC,away,away,,6.4,2026-08-23T09:32:11Z
2026-08-23T09:32:49Z,cc4647c2dbbc99b46369353fec19e12f,丹超,2026-08-23T12:00:00Z,FC Midtjylland,Randers FC,unibet_nl,h2h,Draw,draw,draw,,4.6,2026-08-23T09:32:11Z
2026-08-23T09:32:49Z,cc4647c2dbbc99b46369353fec19e12f,丹超,2026-08-23T12:00:00Z,FC Midtjylland,Randers FC,unibet_nl,totals,Over,over,over@3.5,3.5,2.35,2026-08-23T09:32:11Z
2026-08-23T09:32:49Z,cc4647c2dbbc99b46369353fec19e12f,丹超,2026-08-23T12:00:00Z,FC Midtjylland,Randers FC,unibet_nl,totals,Under,under,under@3.5,3.5,1.56,2026-08-23T09:32:11Z
2026-08-23T09:32:49Z,cc4647c2dbbc99b46369353fec19e12f,丹超,2026-08-23T12:00:00Z,FC Midtjylland,Randers FC,unibet_se,h2h,FC Midtjylland,home,home,,1.43,2026-08-23T09:32:11Z
2026-08-23T09:32:49Z,cc4647c2dbbc99b46369353fec19e12f,丹超,2026-08-23T12:00:00Z,FC Midtjylland,Randers FC,unibet_se,h2h,Randers FC,away,away,,6.4,2026-08-23T09:32:11Z
2026-08-23T09:32:49Z,cc4647c2dbbc99b46369353fec19e12f,丹超,2026-08-23T12:00:00Z,FC Midtjylland,Randers FC,unibet_se,h2h,Draw,draw,draw,,4.6,2026-08-23T09:32:11Z
2026-08-23T09:32:49Z,cc4647c2dbbc99b46369353fec19e12f,丹超,2026-08-23T12:00:00Z,FC Midtjylland,Randers FC,unibet_se,totals,Over,over,over@3.5,3.5,2.35,2026-08-23T09:32:11Z
2026-08-23T09:32:49Z,cc4647c2dbbc99b46369353fec19e12f,丹超,2026-08-23T12:00:00Z,FC Midtjylland,Randers FC,unibet_se,totals,Under,under,under@3.5,3.5,1.56,2026-08-23T09:32:11Z
2026-08-23T09:32:49Z,cc4647c2dbbc99b46369353fec19e12f,丹超,2026-08-23T12:00:00Z,FC Midtjylland,Randers FC,leovegas_se,h2h,FC Midtjylland,home,home,,1.4,2026-08-23T09:32:10Z
2026-08-23T09:32:49Z,cc4647c2dbbc99b46369353fec19e12f,丹超,2026-08-23T12:00:00Z,FC Midtjylland,Randers FC,leovegas_se,h2h,Randers FC,away,away,,6.0,2026-08-23T09:32:10Z
2026-08-23T09:32:49Z,cc4647c2dbbc99b46369353fec19e12f,丹超,2026-08-23T12:00:00Z,FC Midtjylland,Randers FC,leovegas_se,h2h,Draw,draw,draw,,4.35,2026-08-23T09:32:10Z
2026-08-23T09:32:49Z,cc4647c2dbbc99b46369353fec19e12f,丹超,2026-08-23T12:00:00Z,FC Midtjylland,Randers FC,leovegas_se,totals,Over,over,over@3.5,3.5,2.28,2026-08-23T09:32:10Z
2026-08-23T09:32:49Z,cc4647c2dbbc99b46369353fec19e12f,丹超,2026-08-23T12:00:00Z,FC Midtjylland,Randers FC,leovegas_se,totals,Under,under,under@3.5,3.5,1.51,2026-08-23T09:32:10Z
2026-08-23T09:32:49Z,cc4647c2dbbc99b46369353fec19e12f,丹超,2026-08-23T12:00:00Z,FC Midtjylland,Randers FC,pmu_fr,h2h,FC Midtjylland,home,home,,1.38,2026-08-23T09:32:11Z
2026-08-23T09:32:49Z,cc4647c2dbbc99b46369353fec19e12f,丹超,2026-08-23T12:00:00Z,FC Midtjylland,Randers FC,pmu_fr,h2h,Randers FC,away,away,,6.0,2026-08-23T09:32:11Z
2026-08-23T09:32:49Z,cc4647c2dbbc99b46369353fec19e12f,丹超,2026-08-23T12:00:00Z,FC Midtjylland,Randers FC,pmu_fr,h2h,Draw,draw,draw,,4.3,2026-08-23T09:32:11Z
2026-08-23T09:32:49Z,cc4647c2dbbc99b46369353fec19e12f,丹超,2026-08-23T12:00:00Z,FC Midtjylland,Randers FC,pmu_fr,totals,Over,over,over@3.5,3.5,2.2,2026-08-23T09:32:11Z
2026-08-23T09:32:49Z,cc4647c2dbbc99b46369353fec19e12f,丹超,2026-08-23T12:00:00Z,FC Midtjylland,Randers FC,pmu_fr,totals,Under,under,under@3.5,3.5,1.47,2026-08-23T09:32:11Z
2026-08-23T09:32:49Z,cc4647c2dbbc99b46369353fec19e12f,丹超,2026-08-23T12:00:00Z,FC Midtjylland,Randers FC,pinnacle,h2h,FC Midtjylland,home,home,,1.45,2026-08-23T09:32:48Z
2026-08-23T09:32:49Z,cc4647c2dbbc99b46369353fec19e12f,丹超,2026-08-23T12:00:00Z,FC Midtjylland,Randers FC,pinnacle,h2h,Randers FC,away,away,,6.83,2026-08-23T09:32:48Z
2026-08-23T09:32:49Z,cc4647c2dbbc99b46369353fec19e12f,丹超,2026-08-23T12:00:00Z,FC Midtjylland,Randers FC,pinnacle,h2h,Draw,draw,draw,,4.9,2026-08-23T09:32:48Z
2026-08-23T09:32:49Z,cc4647c2dbbc99b46369353fec19e12f,丹超,2026-08-23T12:00:00Z,FC Midtjylland,Randers FC,pinnacle,spreads,FC Midtjylland,home,home@-1.25,-1.25,1.97,2026-08-23T09:32:48Z
2026-08-23T09:32:49Z,cc4647c2dbbc99b46369353fec19e12f,丹超,2026-08-23T12:00:00Z,FC Midtjylland,Randers FC,pinnacle,spreads,Randers FC,away,away@1.25,1.25,1.93,2026-08-23T09:32:48Z
2026-08-23T09:32:49Z,cc4647c2dbbc99b46369353fec19e12f,丹超,2026-08-23T12:00:00Z,FC Midtjylland,Randers FC,pinnacle,totals,Over,over,over@3.0,3.0,1.9,2026-08-23T09:32:48Z
2026-08-23T09:32:49Z,cc4647c2dbbc99b46369353fec19e12f,丹超,2026-08-23T12:00:00Z,FC Midtjylland,Randers FC,pinnacle,totals,Under,under,under@3.0,3.0,1.99,2026-08-23T09:32:48Z
2026-08-23T09:32:49Z,cc4647c2dbbc99b46369353fec19e12f,丹超,2026-08-23T12:00:00Z,FC Midtjylland,Randers FC,tipico_de,h2h,FC Midtjylland,home,home,,1.37,2026-08-23T09:32:30Z
2026-08-23T09:32:49Z,cc4647c2dbbc99b46369353fec19e12f,丹超,2026-08-23T12:00:00Z,FC Midtjylland,Randers FC,tipico_de,h2h,Randers FC,away,away,,6.5,2026-08-23T09:32:30Z
2026-08-23T09:32:49Z,cc4647c2dbbc99b46369353fec19e12f,丹超,2026-08-23T12:00:00Z,FC Midtjylland,Randers FC,tipico_de,h2h,Draw,draw,draw,,4.9,2026-08-23T09:32:30Z
2026-08-23T09:32:49Z,cc4647c2dbbc99b46369353fec19e12f,丹超,2026-08-23T12:00:00Z,FC Midtjylland,Randers FC,tipico_de,totals,Over,over,over@3.5,3.5,2.15,2026-08-23T09:32:30Z
2026-08-23T09:32:49Z,cc4647c2dbbc99b46369353fec19e12f,丹超,2026-08-23T12:00:00Z,FC Midtjylland,Randers FC,tipico_de,totals,Under,under,under@3.5,3.5,1.62,2026-08-23T09:32:30Z
2026-08-23T09:32:49Z,cc4647c2dbbc99b46369353fec19e12f,丹超,2026-08-23T12:00:00Z,FC Midtjylland,Randers FC,gtbets,h2h,FC Midtjylland,home,home,,1.49,2026-08-23T09:32:11Z
2026-08-23T09:32:49Z,cc4647c2dbbc99b46369353fec19e12f,丹超,2026-08-23T12:00:00Z,FC Midtjylland,Randers FC,gtbets,h2h,Randers FC,away,away,,6.58,2026-08-23T09:32:11Z
2026-08-23T09:32:49Z,cc4647c2dbbc99b46369353fec19e12f,丹超,2026-08-23T12:00:00Z,FC Midtjylland,Randers FC,gtbets,h2h,Draw,draw,draw,,4.61,2026-08-23T09:32:11Z
2026-08-23T09:32:49Z,cc4647c2dbbc99b46369353fec19e12f,丹超,2026-08-23T12:00:00Z,FC Midtjylland,Randers FC,gtbets,spreads,FC Midtjylland,home,home@-1.5,-1.5,2.18,2026-08-23T09:32:11Z
2026-08-23T09:32:49Z,cc4647c2dbbc99b46369353fec19e12f,丹超,2026-08-23T12:00:00Z,FC Midtjylland,Randers FC,gtbets,spreads,Randers FC,away,away@1.5,1.5,1.67,2026-08-23T09:32:11Z
2026-08-23T09:32:49Z,cc4647c2dbbc99b46369353fec19e12f,丹超,2026-08-23T12:00:00Z,FC Midtjylland,Randers FC,gtbets,totals,Over,over,over@3.5,3.5,2.33,2026-08-23T09:32:11Z
2026-08-23T09:32:49Z,cc4647c2dbbc99b46369353fec19e12f,丹超,2026-08-23T12:00:00Z,FC Midtjylland,Randers FC,gtbets,totals,Under,under,under@3.5,3.5,1.58,2026-08-23T09:32:11Z
2026-08-23T09:32:49Z,cc4647c2dbbc99b46369353fec19e12f,丹超,2026-08-23T12:00:00Z,FC Midtjylland,Randers FC,betonlineag,h2h,FC Midtjylland,home,home,,1.43,2026-08-23T09:32:10Z
2026-08-23T09:32:49Z,cc4647c2dbbc99b46369353fec19e12f,丹超,2026-08-23T12:00:00Z,FC Midtjylland,Randers FC,betonlineag,h2h,Randers FC,away,away,,6.6,2026-08-23T09:32:10Z
2026-08-23T09:32:49Z,cc4647c2dbbc99b46369353fec19e12f,丹超,2026-08-23T12:00:00Z,FC Midtjylland,Randers FC,betonlineag,h2h,Draw,draw,draw,,4.7,2026-08-23T09:32:10Z
2026-08-23T09:32:49Z,cc4647c2dbbc99b46369353fec19e12f,丹超,2026-08-23T12:00:00Z,FC Midtjylland,Randers FC,betonlineag,spreads,FC Midtjylland,home,home@-1.25,-1.25,1.92,2026-08-23T09:32:10Z
2026-08-23T09:32:49Z,cc4647c2dbbc99b46369353fec19e12f,丹超,2026-08-23T12:00:00Z,FC Midtjylland,Randers FC,betonlineag,spreads,Randers FC,away,away@1.25,1.25,1.9,2026-08-23T09:32:10Z
2026-08-23T09:32:49Z,cc4647c2dbbc99b46369353fec19e12f,丹超,2026-08-23T12:00:00Z,FC Midtjylland,Randers FC,betonlineag,totals,Over,over,over@3.25,3.25,2.08,2026-08-23T09:32:10Z
2026-08-23T09:32:49Z,cc4647c2dbbc99b46369353fec19e12f,丹超,2026-08-23T12:00:00Z,FC Midtjylland,Randers FC,betonlineag,totals,Under,under,under@3.25,3.25,1.78,2026-08-23T09:32:10Z
2026-08-23T09:32:49Z,cc4647c2dbbc99b46369353fec19e12f,丹超,2026-08-23T12:00:00Z,FC Midtjylland,Randers FC,coolbet,h2h,FC Midtjylland,home,home,,1.43,2026-08-23T09:32:11Z
2026-08-23T09:32:49Z,cc4647c2dbbc99b46369353fec19e12f,丹超,2026-08-23T12:00:00Z,FC Midtjylland,Randers FC,coolbet,h2h,Randers FC,away,away,,7.0,2026-08-23T09:32:11Z
2026-08-23T09:32:49Z,cc4647c2dbbc99b46369353fec19e12f,丹超,2026-08-23T12:00:00Z,FC Midtjylland,Randers FC,coolbet,h2h,Draw,draw,draw,,4.75,2026-08-23T09:32:11Z
2026-08-23T09:32:49Z,cc4647c2dbbc99b46369353fec19e12f,丹超,2026-08-23T12:00:00Z,FC Midtjylland,Randers FC,coolbet,spreads,FC Midtjylland,home,home@-1.0,-1.0,1.66,2026-08-23T09:32:11Z
2026-08-23T09:32:49Z,cc4647c2dbbc99b46369353fec19e12f,丹超,2026-08-23T12:00:00Z,FC Midtjylland,Randers FC,coolbet,spreads,Randers FC,away,away@1.0,1.0,2.09,2026-08-23T09:32:11Z
2026-08-23T09:32:49Z,cc4647c2dbbc99b46369353fec19e12f,丹超,2026-08-23T12:00:00Z,FC Midtjylland,Randers FC,coolbet,totals,Over,over,over@3.0,3.0,1.82,2026-08-23T09:32:11Z
2026-08-23T09:32:49Z,cc4647c2dbbc99b46369353fec19e12f,丹超,2026-08-23T12:00:00Z,FC Midtjylland,Randers FC,coolbet,totals,Under,under,under@3.0,3.0,1.96,2026-08-23T09:32:11Z
2026-08-23T09:32:49Z,cc4647c2dbbc99b46369353fec19e12f,丹超,2026-08-23T12:00:00Z,FC Midtjylland,Randers FC,betanysports,h2h,FC Midtjylland,home,home,,1.43,2026-08-23T09:32:10Z
2026-08-23T09:32:49Z,cc4647c2dbbc99b46369353fec19e12f,丹超,2026-08-23T12:00:00Z,FC Midtjylland,Randers FC,betanysports,h2h,Randers FC,away,away,,6.6,2026-08-23T09:32:10Z
2026-08-23T09:32:49Z,cc4647c2dbbc99b46369353fec19e12f,丹超,2026-08-23T12:00:00Z,FC Midtjylland,Randers FC,betanysports,h2h,Draw,draw,draw,,4.7,2026-08-23T09:32:10Z
2026-08-23T09:32:49Z,cc4647c2dbbc99b46369353fec19e12f,丹超,2026-08-23T12:00:00Z,FC Midtjylland,Randers FC,betanysports,spreads,FC Midtjylland,home,home@-1.25,-1.25,1.84,2026-08-23T09:32:10Z
2026-08-23T09:32:49Z,cc4647c2dbbc99b46369353fec19e12f,丹超,2026-08-23T12:00:00Z,FC Midtjylland,Randers FC,betanysports,spreads,Randers FC,away,away@1.25,1.25,1.9,2026-08-23T09:32:10Z
2026-08-23T09:32:49Z,cc4647c2dbbc99b46369353fec19e12f,丹超,2026-08-23T12:00:00Z,FC Midtjylland,Randers FC,betanysports,totals,Over,over,over@3.25,3.25,1.98,2026-08-23T09:32:10Z
2026-08-23T09:32:49Z,cc4647c2dbbc99b46369353fec19e12f,丹超,2026-08-23T12:00:00Z,FC Midtjylland,Randers FC,betanysports,totals,Under,under,under@3.25,3.25,1.78,2026-08-23T09:32:10Z
2026-08-23T09:32:49Z,cc4647c2dbbc99b46369353fec19e12f,丹超,2026-08-23T12:00:00Z,FC Midtjylland,Randers FC,matchbook,h2h,FC Midtjylland,home,home,,1.48,2026-08-23T09:32:48Z
2026-08-23T09:32:49Z,cc4647c2dbbc99b46369353fec19e12f,丹超,2026-08-23T12:00:00Z,FC Midtjylland,Randers FC,matchbook,h2h,Randers FC,away,away,,7.4,2026-08-23T09:32:48Z
2026-08-23T09:32:49Z,cc4647c2dbbc99b46369353fec19e12f,丹超,2026-08-23T12:00:00Z,FC Midtjylland,Randers FC,matchbook,h2h,Draw,draw,draw,,5.0,2026-08-23T09:32:48Z
2026-08-23T09:32:49Z,cc4647c2dbbc99b46369353fec19e12f,丹超,2026-08-23T12:00:00Z,FC Midtjylland,Randers FC,matchbook,h2h_lay,FC Midtjylland,h2h_lay,h2h_lay,,1.49,2026-08-23T09:32:48Z
2026-08-23T09:32:49Z,cc4647c2dbbc99b46369353fec19e12f,丹超,2026-08-23T12:00:00Z,FC Midtjylland,Randers FC,matchbook,h2h_lay,Randers FC,h2h_lay,h2h_lay,,8.0,2026-08-23T09:32:48Z
2026-08-23T09:32:49Z,cc4647c2dbbc99b46369353fec19e12f,丹超,2026-08-23T12:00:00Z,FC Midtjylland,Randers FC,matchbook,h2h_lay,Draw,h2h_lay,h2h_lay,,5.2,2026-08-23T09:32:48Z
2026-08-23T09:32:49Z,cc4647c2dbbc99b46369353fec19e12f,丹超,2026-08-23T12:00:00Z,FC Midtjylland,Randers FC,matchbook,spreads,FC Midtjylland,home,home@-1.25,-1.25,1.98,2026-08-23T09:32:48Z
2026-08-23T09:32:49Z,cc4647c2dbbc99b46369353fec19e12f,丹超,2026-08-23T12:00:00Z,FC Midtjylland,Randers FC,matchbook,spreads,Randers FC,away,away@1.25,1.25,1.94,2026-08-23T09:32:48Z
2026-08-23T09:32:49Z,cc4647c2dbbc99b46369353fec19e12f,丹超,2026-08-23T12:00:00Z,FC Midtjylland,Randers FC,matchbook,totals,Over,over,over@3.5,3.5,2.52,2026-08-23T09:32:48Z
2026-08-23T09:32:49Z,cc4647c2dbbc99b46369353fec19e12f,丹超,2026-08-23T12:00:00Z,FC Midtjylland,Randers FC,matchbook,totals,Under,under,under@3.5,3.5,1.65,2026-08-23T09:32:48Z
