ko,match,side,team,name,pos,tag,atk,def,hg,ag,hit_atk,hit_def
09-05 01:00,Başakşehir FK vs Galatasaray,away,Galatasaray,Günay Güvenç,门将,轮换(0%),0.007,0.014,2,3,0,1
09-05 01:00,Olympique Lyonnais vs Auxerre,home,Olympique Lyonnais,Julien Duranville,前锋,轮换(0%),0.014,0.0,3,1,0,
09-05 01:00,Olympique Lyonnais vs Auxerre,home,Olympique Lyonnais,Khalis Merah,中场,轮换(0%),0.007,0.007,3,1,0,1
09-05 01:00,Olympique Lyonnais vs Auxerre,home,Olympique Lyonnais,Pavel Šulc,前锋,主力(首发100%),0.04,0.0,3,1,0,
09-05 01:00,Olympique Lyonnais vs Auxerre,away,Auxerre,Assane Dioussé,中场,轮换(0%),0.007,0.007,3,1,1,1
09-05 01:00,Olympique Lyonnais vs Auxerre,away,Auxerre,Axel Tuanzebe,后卫,轮换(0%),0.0,0.014,3,1,,1
09-05 01:00,Olympique Lyonnais vs Auxerre,away,Auxerre,Fredrik Oppegård,后卫,轮换(0%),0.0,0.014,3,1,,1
09-05 01:00,Olympique Lyonnais vs Auxerre,away,Auxerre,Lasso Coulibaly,?,轮换(0%),0.003,0.003,3,1,1,1
09-05 01:00,Olympique Lyonnais vs Auxerre,away,Auxerre,Marvin Senaya,后卫,轮换(0%),0.0,0.014,3,1,,1
09-05 01:00,Olympique Lyonnais vs Auxerre,away,Auxerre,Sekou Fofana,后卫,轮换(0%),0.0,0.014,3,1,,1
09-05 01:00,Olympique Lyonnais vs Auxerre,away,Auxerre,Telli Siwe,后卫,轮换(0%),0.0,0.014,3,1,,1
09-05 01:00,Fredrikstad FK vs Bodø/Glimt,home,Fredrikstad FK,Kennedy Ikechukwu Okpaleke,后卫,轮换(0%),0.0,0.014,1,2,,1
09-05 01:00,Fredrikstad FK vs Bodø/Glimt,home,Fredrikstad FK,Sondre Sørløkk,中场,主力(首发100%),0.02,0.02,1,2,1,1
09-05 01:00,Fredrikstad FK vs Bodø/Glimt,away,Bodø/Glimt,August Mikkelsen,前锋,轮换(0%),0.014,0.0,1,2,0,
09-05 01:00,Fredrikstad FK vs Bodø/Glimt,away,Bodø/Glimt,Haitam Aleesami,后卫,轮换(0%),0.0,0.014,1,2,,1
09-05 01:00,Fredrikstad FK vs Bodø/Glimt,away,Bodø/Glimt,Håkon Evjen,中场,轮换(0%),0.007,0.007,1,2,0,1
09-05 01:00,Fredrikstad FK vs Bodø/Glimt,away,Bodø/Glimt,Jostein Gundersen,后卫,轮换(0%),0.0,0.014,1,2,,1
09-05 01:00,Fredrikstad FK vs Bodø/Glimt,away,Bodø/Glimt,Magnus Riisnæs,中场,轮换(0%),0.007,0.007,1,2,0,1
09-05 01:00,Aalesunds FK vs IK Start,home,Aalesunds FK,Aleksander Kjelsen,后卫,轮换(0%),0.0,0.014,2,0,,0
09-05 01:00,Aalesunds FK vs IK Start,home,Aalesunds FK,Davíð Snær Jóhannsson,?,轮换(0%),0.003,0.003,2,0,0,0
09-05 01:00,Aalesunds FK vs IK Start,home,Aalesunds FK,Paul Ngongo Iversen,前锋,轮换(0%),0.014,0.0,2,0,0,
09-05 01:00,Aalesunds FK vs IK Start,away,IK Start,Kristoffer Tønnessen,后卫,轮换(0%),0.0,0.014,2,0,,1
09-05 02:00,Al-Shabab vs Al-Hilal,home,Al-Shabab,Dhari Sayyar Al-Anazi,中场,轮换(0%),0.007,0.007,0,2,1,1
09-05 02:00,Al-Shabab vs Al-Hilal,home,Al-Shabab,Mohammed Essa Harbush,后卫,轮换(0%),0.0,0.014,0,2,,1
09-05 02:00,Al-Shabab vs Al-Hilal,away,Al-Hilal,Ali Lajami,后卫,轮换(0%),0.0,0.014,0,2,,0
09-05 02:00,Al-Shabab vs Al-Hilal,away,Al-Hilal,Salem Al-Dawsari,中场,轮换(0%),0.007,0.007,0,2,0,0
09-05 02:00,Al-Shabab vs Al-Hilal,away,Al-Hilal,Theo Hernández,后卫,轮换(0%),0.0,0.014,0,2,,0
09-05 02:00,Al-Shabab vs Al-Hilal,away,Al-Hilal,Yusuf Akçiçek,后卫,轮换(0%),0.0,0.014,0,2,,0
09-05 02:00,Al-Ahli vs Al-Riyadh,home,Al-Ahli,Merih Demiral,后卫,轮换(0%),0.0,0.014,5,0,,0
09-05 02:00,Sparta Rotterdam vs PEC Zwolle,home,Sparta Rotterdam,Robin van Cruijsen,中场,轮换(0%),0.007,0.007,2,2,0,1
09-05 02:00,Sparta Rotterdam vs PEC Zwolle,away,PEC Zwolle,Jan Bürger,后卫,轮换(0%),0.0,0.014,2,2,,1
09-05 02:30,UD Las Palmas vs Leganés,home,UD Las Palmas,Jesé Rodríguez,前锋,轮换(0%),0.014,0.0,0,0,1,
09-05 02:30,UD Las Palmas vs Leganés,home,UD Las Palmas,Marvin Park,后卫,轮换(0%),0.0,0.014,0,0,,0
09-05 02:30,UD Las Palmas vs Leganés,away,Leganés,Enric Franquesa,后卫,轮换(0%),0.0,0.014,0,0,,0
09-05 02:30,VfB Stuttgart vs 1. FC Köln,home,VfB Stuttgart,Dan Zagadou,后卫,轮换(0%),0.0,0.014,4,1,,1
09-05 02:30,VfB Stuttgart vs 1. FC Köln,home,VfB Stuttgart,Dennis Seimen,门将,轮换(0%),0.007,0.014,4,1,0,1
09-05 02:30,VfB Stuttgart vs 1. FC Köln,home,VfB Stuttgart,Jeremy Arevalo,?,轮换(0%),0.003,0.003,4,1,0,1
09-05 02:30,VfB Stuttgart vs 1. FC Köln,home,VfB Stuttgart,Justin Diehl,中场,轮换(0%),0.007,0.007,4,1,0,1
09-05 02:30,VfB Stuttgart vs 1. FC Köln,home,VfB Stuttgart,Leo Sauer,前锋,轮换(0%),0.014,0.0,4,1,0,
09-05 02:30,VfB Stuttgart vs 1. FC Köln,home,VfB Stuttgart,Lorenz Assignon,后卫,轮换(0%),0.0,0.014,4,1,,1
09-05 02:30,VfB Stuttgart vs 1. FC Köln,home,VfB Stuttgart,Luca Jaquez,后卫,轮换(0%),0.0,0.014,4,1,,1
09-05 02:30,VfB Stuttgart vs 1. FC Köln,home,VfB Stuttgart,Nikolas Nartey,中场,轮换(0%),0.007,0.007,4,1,0,1
09-05 02:30,VfB Stuttgart vs 1. FC Köln,home,VfB Stuttgart,Tiago Tomás,前锋,轮换(0%),0.014,0.0,4,1,0,
09-05 02:30,VfB Stuttgart vs 1. FC Köln,away,1. FC Köln,Luca Waldschmidt,前锋,轮换(0%),0.014,0.0,4,1,1,
09-05 02:30,VfB Stuttgart vs 1. FC Köln,away,1. FC Köln,Sebastian Sebulonsen,后卫,轮换(0%),0.0,0.014,4,1,,1
09-05 02:30,VfB Stuttgart vs 1. FC Köln,away,1. FC Köln,Thijs Dallinga,前锋,轮换(0%),0.014,0.0,4,1,1,
09-05 02:30,VfB Stuttgart vs 1. FC Köln,away,1. FC Köln,Timo Hübers,后卫,轮换(0%),0.0,0.014,4,1,,1
09-05 02:30,Piast Gliwice vs GKS Katowice,home,Piast Gliwice,Igor Drapiński,后卫,轮换(0%),0.0,0.014,3,0,,0
09-05 02:30,Piast Gliwice vs GKS Katowice,away,GKS Katowice,Borja Galán,中场,主力(首发100%),0.02,0.02,3,0,1,1
09-05 02:30,Piast Gliwice vs GKS Katowice,away,GKS Katowice,Rafał Strączek,门将,轮换(0%),0.007,0.014,3,0,1,1
09-05 02:45,Lommel SK vs Club Brugge KV,home,Lommel SK,Henry Oware,后卫,轮换(0%),0.0,0.014,0,1,,1
09-05 02:45,Lommel SK vs Club Brugge KV,home,Lommel SK,Jesper Tolinsson,后卫,轮换(0%),0.0,0.014,0,1,,1
09-05 02:45,Lommel SK vs Club Brugge KV,home,Lommel SK,Jhon Banguera,后卫,轮换(0%),0.0,0.014,0,1,,1
09-05 02:45,Lommel SK vs Club Brugge KV,home,Lommel SK,Sverre Nypan,中场,轮换(0%),0.007,0.007,0,1,1,1
09-05 02:45,Lommel SK vs Club Brugge KV,away,Club Brugge KV,Carlos Forbs,中场,轮换(0%),0.007,0.007,0,1,1,0
09-05 02:45,Genoa vs Como,home,Genoa,Elias Havel,前锋,轮换(0%),0.014,0.0,1,4,1,
09-05 02:45,Genoa vs Como,away,Como,Jayden Addai,中场,轮换(0%),0.007,0.007,1,4,0,1
09-05 03:00,Real Betis vs Real Madrid,home,Real Betis,Abdessamad Ezzalzouli,中场,轮换(0%),0.007,0.007,1,0,1,0
09-05 03:00,Real Betis vs Real Madrid,home,Real Betis,Aitor Ruibal,后卫,轮换(0%),0.0,0.014,1,0,,0
09-05 03:00,Real Betis vs Real Madrid,home,Real Betis,Diego Conde,门将,轮换(0%),0.007,0.014,1,0,1,0
09-05 03:00,Real Betis vs Real Madrid,home,Real Betis,Giovani Lo Celso,中场,轮换(0%),0.007,0.007,1,0,1,0
09-05 03:00,Real Betis vs Real Madrid,home,Real Betis,Gonzalo Petit,前锋,轮换(0%),0.014,0.0,1,0,1,
09-05 03:00,Real Betis vs Real Madrid,away,Real Madrid,Aurélien Tchouaméni,中场,轮换(0%),0.007,0.007,1,0,1,1
09-05 03:00,Real Betis vs Real Madrid,away,Real Madrid,Endrick,前锋,轮换(0%),0.014,0.0,1,0,1,
09-05 03:00,Real Betis vs Real Madrid,away,Real Madrid,Ferland Mendy,后卫,轮换(0%),0.0,0.014,1,0,,1
09-05 03:00,Real Betis vs Real Madrid,away,Real Madrid,Raúl Asencio,后卫,轮换(0%),0.0,0.014,1,0,,1
09-05 03:00,Real Betis vs Real Madrid,away,Real Madrid,Rodrygo,前锋,轮换(0%),0.014,0.0,1,0,1,
09-05 03:00,Real Betis vs Real Madrid,away,Real Madrid,Thiago Pitarch,中场,轮换(0%),0.007,0.007,1,0,1,1
09-05 03:00,Ipswich Town vs Liverpool FC,home,Ipswich Town,Azor Matusiwa,中场,轮换(0%),0.007,0.007,0,2,1,1
09-05 03:00,Ipswich Town vs Liverpool FC,home,Ipswich Town,Jack Taylor,中场,轮换(0%),0.007,0.007,0,2,1,1
09-05 03:00,Ipswich Town vs Liverpool FC,home,Ipswich Town,Jaden Philogene-Bidace,中场,轮换(0%),0.007,0.007,0,2,1,1
09-05 03:00,Ipswich Town vs Liverpool FC,away,Liverpool FC,Bradley Barcola,前锋,轮换(0%),0.014,0.0,0,2,0,
09-05 03:00,Ipswich Town vs Liverpool FC,away,Liverpool FC,Conor Bradley,后卫,轮换(0%),0.0,0.014,0,2,,0
09-05 03:00,Ipswich Town vs Liverpool FC,away,Liverpool FC,Giovanni Leoni,后卫,轮换(0%),0.0,0.014,0,2,,0
09-05 03:00,Ipswich Town vs Liverpool FC,away,Liverpool FC,Hugo Ekitiké,前锋,轮换(0%),0.014,0.0,0,2,0,
09-05 03:00,Ipswich Town vs Liverpool FC,away,Liverpool FC,Joe Gomez,后卫,轮换(0%),0.0,0.014,0,2,,0
09-05 03:00,Sandefjord Fotball vs Viking FK,home,Sandefjord Fotball,Devon Koswal,后卫,轮换(0%),0.0,0.014,1,1,,1
09-05 03:00,Sandefjord Fotball vs Viking FK,home,Sandefjord Fotball,Filip Loftesnes Bjune,后卫,轮换(0%),0.0,0.014,1,1,,1
09-05 03:00,Sandefjord Fotball vs Viking FK,home,Sandefjord Fotball,Marcus Melchior,中场,轮换(0%),0.007,0.007,1,1,1,1
09-05 03:00,Sandefjord Fotball vs Viking FK,home,Sandefjord Fotball,Nikolaj Möller,前锋,轮换(0%),0.014,0.0,1,1,1,
09-05 03:00,Sandefjord Fotball vs Viking FK,away,Viking FK,Anders Baertelsen,后卫,轮换(0%),0.0,0.014,1,1,,1
09-05 03:00,Sandefjord Fotball vs Viking FK,away,Viking FK,Martin Ove Roseth,后卫,轮换(0%),0.0,0.014,1,1,,1
09-05 03:00,Sandefjord Fotball vs Viking FK,away,Viking FK,Veton Berisha,前锋,轮换(0%),0.014,0.0,1,1,1,
09-05 03:05,Paris Saint-Germain vs AS Monaco,home,Paris Saint-Germain,Ibrahim Mbaye,前锋,轮换(0%),0.014,0.0,1,2,1,
09-05 03:05,Paris Saint-Germain vs AS Monaco,home,Paris Saint-Germain,Lucas Digne,后卫,轮换(0%),0.0,0.014,1,2,,1
09-05 03:05,Paris Saint-Germain vs AS Monaco,home,Paris Saint-Germain,Nuno Mendes,后卫,轮换(0%),0.0,0.014,1,2,,1
09-05 03:05,Paris Saint-Germain vs AS Monaco,away,AS Monaco,Ansu Fati,前锋,轮换(0%),0.014,0.0,1,2,0,
09-05 03:05,Paris Saint-Germain vs AS Monaco,away,AS Monaco,Edan Diop,中场,轮换(0%),0.007,0.007,1,2,0,1
09-05 03:05,Paris Saint-Germain vs AS Monaco,away,AS Monaco,Jordan Teze,中场,轮换(0%),0.007,0.007,1,2,0,1
09-05 03:05,Paris Saint-Germain vs AS Monaco,away,AS Monaco,Takumi Minamino,中场,轮换(0%),0.007,0.007,1,2,0,1
09-05 03:15,FC Porto vs Moreirense,home,FC Porto,Alan Varela,中场,轮换(0%),0.007,0.007,2,1,0,1
09-05 03:15,FC Porto vs Moreirense,home,FC Porto,Martim Fernandes,后卫,轮换(0%),0.0,0.014,2,1,,1
09-05 03:15,FC Porto vs Moreirense,home,FC Porto,Oskar Pietuszewski,前锋,轮换(0%),0.014,0.0,2,1,0,
09-05 03:15,FC Porto vs Moreirense,home,FC Porto,Samu Aghehowa,前锋,轮换(0%),0.014,0.0,2,1,0,
09-05 03:15,FC Porto vs Moreirense,home,FC Porto,Santiago Giménez,前锋,轮换(0%),0.014,0.0,2,1,0,
09-05 03:15,FC Porto vs Moreirense,home,FC Porto,Seko Fofana,中场,轮换(0%),0.007,0.007,2,1,0,1
09-05 03:15,FC Porto vs Moreirense,home,FC Porto,Zaidu Sanusi,后卫,轮换(0%),0.0,0.014,2,1,,1
09-05 03:15,FC Porto vs Moreirense,away,Moreirense,Janderson,后卫,轮换(0%),0.0,0.014,2,1,,1
09-05 03:15,FC Porto vs Moreirense,away,Moreirense,Yan Maranhão,前锋,轮换(0%),0.014,0.0,2,1,1,
09-05 07:30,New York City FC vs Nashville SC,home,New York City FC,Aiden O'Neill,中场,轮换(0%),0.007,0.007,2,1,0,1
09-05 07:30,New York City FC vs Nashville SC,home,New York City FC,Alonso Martínez,前锋,轮换(0%),0.014,0.0,2,1,0,
09-05 07:30,New York City FC vs Nashville SC,home,New York City FC,Andrew Baiera,后卫,轮换(0%),0.0,0.014,2,1,,1
09-05 07:30,New York City FC vs Nashville SC,home,New York City FC,Arnau  Farnos,中场,轮换(0%),0.007,0.007,2,1,0,1
09-05 07:30,New York City FC vs Nashville SC,home,New York City FC,Hannes Wolf,中场,轮换(0%),0.007,0.007,2,1,0,1
09-05 07:30,New York City FC vs Nashville SC,home,New York City FC,Kai Trewin,中场,轮换(0%),0.007,0.007,2,1,0,1
09-05 07:30,New York City FC vs Nashville SC,home,New York City FC,Talles Magno,前锋,轮换(0%),0.014,0.0,2,1,0,
09-05 07:30,New York City FC vs Nashville SC,away,Nashville SC,Warren Madrigal,前锋,轮换(0%),0.014,0.0,2,1,1,
09-05 09:00,Club Puebla vs CD Toluca,away,CD Toluca,Ivan López,前锋,轮换(0%),0.014,0.0,0,0,1,
09-05 09:00,Club Puebla vs CD Toluca,away,CD Toluca,Marcel Ruíz,中场,轮换(0%),0.007,0.007,0,0,1,0
09-05 09:00,Club Puebla vs CD Toluca,away,CD Toluca,Santiago Simón,后卫,轮换(0%),0.0,0.014,0,0,,0
09-05 11:00,FC Juárez vs CF Pachuca,home,FC Juárez,Luca Martínez Dupuy,前锋,轮换(0%),0.014,0.0,2,2,0,
09-05 11:00,FC Juárez vs CF Pachuca,home,FC Juárez,Lucas Romero,中场,轮换(0%),0.007,0.007,2,2,0,1
09-05 11:00,FC Juárez vs CF Pachuca,away,CF Pachuca,Alexei Domínguez,中场,轮换(0%),0.007,0.007,2,2,0,1
